name,owner,language,size,updated_on,created_on,scm
tweakmsg,phlogistonjohn,,7085,2012-06-24T17:32:27.458855+00:00,2008-06-25T00:53:00.273366+00:00,hg
new,ape_hand,,3091,2012-06-24T17:34:03.538784+00:00,2008-06-25T11:56:52.174489+00:00,hg
stellaris,mikael,,3109,2012-06-24T17:36:12.810769+00:00,2008-07-02T20:31:45.240046+00:00,hg
libdodo,Niam,,60253399,2012-06-24T17:36:45.602876+00:00,2008-07-04T09:51:46.813635+00:00,hg
cx,jespern,,1129999,2011-09-17T03:14:11.884090+00:00,2008-07-07T13:59:28.914048+00:00,hg
fhtmlmps,vetler,,17122,2012-06-24T17:36:50.976220+00:00,2008-07-07T19:22:21.403996+00:00,hg
ovsga,rom1,,32303,2012-06-22T21:55:03.256881+00:00,2008-07-09T12:39:11.233682+00:00,hg
FreeBSD,z19,,3097,2012-06-22T21:55:15.276435+00:00,2008-07-10T12:31:38.599304+00:00,hg
mercurial-crew,mirror,,70080014,2014-07-12T06:01:30.671847+00:00,2008-07-11T12:26:41.808728+00:00,hg
Squash,DeadWisdom,,817799,2012-06-23T00:10:30.800770+00:00,2008-07-11T21:21:47.851223+00:00,hg
cpp-unit-test,bebac,,20377,2012-06-24T17:36:51.485049+00:00,2008-07-12T05:19:37.079839+00:00,hg
app-template,bebac,c++,71548,2011-10-05T15:36:19.409008+00:00,2008-07-12T07:44:01.476818+00:00,hg
mercurialeclipse,bastiand,,6445145,2011-09-17T02:36:59.062596+00:00,2008-07-12T09:37:06.254721+00:00,hg
sandboxpublic,aleax,,3120,2012-06-22T21:55:28.753727+00:00,2008-07-14T01:59:23.568048+00:00,hg
otrsfix-ng,adiakin,,153786,2012-06-22T21:55:34.175307+00:00,2008-07-15T06:14:39.306314+00:00,hg
pida-pypaned,aafshar,,4680652,2012-06-22T21:55:42.451431+00:00,2008-07-16T22:47:38.682491+00:00,hg
TLOMM-testing,tgrimley,,3128,2012-06-22T21:55:46.627825+00:00,2008-07-18T21:05:17.750587+00:00,hg
test,tingle,,3090,2012-06-22T21:55:49.860564+00:00,2008-07-18T22:24:31.984981+00:00,hg
Repository,Shaze,,3052,2012-06-22T21:55:51.570502+00:00,2008-07-18T22:39:51.380134+00:00,hg
rforce,undees,,332586,2014-07-28T01:48:36.942707+00:00,2008-07-19T06:16:43.044743+00:00,hg
freeCritters,eurleif,,565825,2012-06-22T21:56:24.031548+00:00,2008-07-19T19:53:07.031845+00:00,hg
cx-patches,jespern,,3992,2012-06-22T21:56:27.302195+00:00,2008-07-20T16:47:40.611172+00:00,hg
raliux,raliux,,3096,2012-06-24T17:38:36.987351+00:00,2008-07-20T20:32:11.124021+00:00,hg
cocoamysql-sbg,glennsb,objective-c,1399629,2012-08-08T19:45:19.433178+00:00,2008-07-21T14:33:01.061878+00:00,hg
testme,lukerandall,,3111,2012-06-24T17:38:39.448929+00:00,2008-07-21T14:57:51.320635+00:00,hg
test,lukerandall,,3940,2012-06-24T17:38:54.885494+00:00,2008-07-21T15:03:23.590404+00:00,hg
python-trunk,mirror,,35499535,2011-09-17T03:47:33.752287+00:00,2008-07-21T15:03:59.786027+00:00,hg
python-release24-maint,mirror,,11682102,2012-06-24T17:39:10.225100+00:00,2008-07-21T15:08:59.837563+00:00,hg
python-release25-maint,mirror,,21910650,2012-06-24T17:39:34.141770+00:00,2008-07-21T15:16:28.388677+00:00,hg
python-py3k,mirror,,37881459,2011-09-17T03:31:28.851489+00:00,2008-07-21T15:16:49.237771+00:00,hg
avatar,battlecyborg,,3059,2012-06-24T17:40:45.017190+00:00,2008-07-22T08:09:58.001931+00:00,hg
vellumui-main,aafshar,,74292,2012-06-24T17:42:05.458222+00:00,2008-07-24T14:08:57.270390+00:00,hg
shepherd,durin42,,13357,2012-06-24T17:42:07.275999+00:00,2008-07-25T02:38:57.188548+00:00,hg
django paginator,kron,,12194,2013-02-08T22:24:18.961884+00:00,2008-07-25T06:46:00.148561+00:00,hg
hgforest,rajeev,,98448,2012-06-24T17:42:09.033896+00:00,2008-07-25T09:26:23.445727+00:00,hg
django-textmate-bundles,bkerr,,260839,2011-09-17T04:42:09.427089+00:00,2008-07-26T03:26:11.511910+00:00,hg
ae,aww,,3077,2012-06-24T17:42:14.316980+00:00,2008-07-26T04:51:36.645157+00:00,hg
rcfiles,max,,3094277,2012-06-24T17:42:15.829610+00:00,2008-07-26T14:20:30.091661+00:00,hg
emergent,clofresh,,57285,2012-12-28T17:27:58.562038+00:00,2008-07-26T19:05:31.735595+00:00,hg
cheesemaster,elcugo,,113386,2012-06-24T17:42:18.026791+00:00,2008-07-26T20:01:24.096244+00:00,hg
Grumpy,GrumpyOldFart,,3118,2012-06-24T17:42:18.506552+00:00,2008-07-27T09:24:10.897303+00:00,hg
hgimpull-fork,rajeev,,7348,2012-06-24T17:42:19.001507+00:00,2008-07-27T14:32:35.203494+00:00,hg
oggdumper,wojtek,,27477,2012-11-24T16:49:55.012131+00:00,2008-07-28T13:22:22.611395+00:00,hg
yahoo,dtamez,,5850,2012-06-24T17:42:20.387884+00:00,2008-07-28T15:59:51.434405+00:00,hg
Grace,kkubasik,,14538882,2011-09-17T07:58:43.071892+00:00,2008-07-28T22:29:51.889318+00:00,hg
floss,dtamez,,13894,2012-06-24T17:42:21.223666+00:00,2008-07-29T00:30:17.604234+00:00,hg
John Weis,weisjohn,,6956381,2011-09-17T07:58:43.098549+00:00,2008-07-29T03:53:30.361594+00:00,hg
hacking,foreverjenni,,9364,2012-06-24T17:42:22.210304+00:00,2008-07-29T18:35:29.793148+00:00,hg
GoParty,RobertoEstrada,,577381,2011-09-17T04:02:28.288182+00:00,2008-07-30T13:27:00.669455+00:00,hg
tanto,tanto,,3088,2012-06-24T17:42:25.262732+00:00,2008-07-31T02:30:29.808422+00:00,hg
Public images,ethansmith,,3133,2012-06-24T17:42:27.659721+00:00,2008-07-31T17:28:23.152750+00:00,hg
fannybaws69,fannybaws69,,3127,2012-06-24T17:42:28.040819+00:00,2008-07-31T21:17:50.817338+00:00,hg
weblocks-oldstable,S11001001,,1329776,2011-09-16T22:51:49.916706+00:00,2008-08-01T01:53:20+00:00,hg
weblocks-dev,S11001001,,2851861,2013-05-01T16:55:30.338402+00:00,2008-08-01T02:37:17+00:00,hg
wing wag,pilotchic1,,3063,2012-06-24T17:42:41.026733+00:00,2008-08-01T04:41:55.279332+00:00,hg
sympy,certik,,7135317,2012-06-24T17:42:57.940122+00:00,2008-08-01T09:14:08.427533+00:00,hg
tests,certik,,2977,2012-06-24T17:42:59.136795+00:00,2008-08-01T09:30:54.218720+00:00,hg
DVDRegal,jws,,77120,2012-06-24T17:43:00.053748+00:00,2008-08-01T13:10:36.471235+00:00,hg
rebase-soc,astratto,,120864,2013-12-27T07:08:34.614916+00:00,2008-08-01T13:58:23.071280+00:00,hg
Perrfect,Perrfect,,3107,2012-06-24T17:43:11.596966+00:00,2008-08-01T20:04:40.787334+00:00,hg
weblocks-experimental-queue,S11001001,,62467,2012-06-24T17:43:12.358048+00:00,2008-08-01T21:07:42+00:00,hg
mslive,aivo,,59405,2012-06-24T17:43:15.346242+00:00,2008-08-02T16:37:08.322403+00:00,hg
viper's nest,viper227,,3127,2012-06-24T17:43:16.070841+00:00,2008-08-03T19:22:40.743097+00:00,hg
tux3,shapor,,1348663,2011-09-17T03:16:05.491993+00:00,2008-08-03T23:28:27.791092+00:00,hg
kmk,kamikazek,,3096,2012-06-24T17:43:40.827327+00:00,2008-08-04T08:42:24.798294+00:00,hg
hgbook,mirror,,6251439,2011-09-30T00:59:55.836852+00:00,2008-08-04T15:38:05.748767+00:00,hg
weblocks-c6dc18-test-fixes,S11001001,,1502320,2011-09-16T22:51:50.247905+00:00,2008-08-04T21:21:59.314559+00:00,hg
Dictionary,subzero,,3115,2012-06-24T17:43:45.714402+00:00,2008-08-05T11:53:05.812756+00:00,hg
fel,DaveBaum,,88152,2012-06-24T17:43:46.307063+00:00,2008-08-05T13:36:17.983863+00:00,hg
plasma2d,tetaberta,,132922,2012-06-24T17:43:56.734039+00:00,2008-08-05T15:21:19.548042+00:00,hg
jarodsandbox,jarod,,3062,2012-06-24T17:43:57.143973+00:00,2008-08-05T19:43:06.448627+00:00,hg
repoman,repoman,,3098,2012-06-24T17:43:57.558000+00:00,2008-08-05T21:50:57.986620+00:00,hg
tortoisehg,gpoo,,1377700,2012-06-24T17:44:01.240981+00:00,2008-08-06T16:23:34.994416+00:00,hg
soc,gpoo,,65845,2012-06-24T17:44:01.833455+00:00,2008-08-06T16:55:14.656512+00:00,hg
riptools,rcc,,26733,2012-06-24T17:44:04.942954+00:00,2008-08-07T20:22:51.803486+00:00,hg
Timm,Wgaffa,,89534,2012-06-24T17:44:06.329039+00:00,2008-08-08T06:13:50.051244+00:00,hg
avatar,nablis,,3081,2012-06-24T17:44:06.721489+00:00,2008-08-08T06:37:46.159331+00:00,hg
my-test,stigkj,,3088,2012-06-24T17:44:07.096863+00:00,2008-08-08T09:21:26.988070+00:00,hg
yujk,SaabTurbo,,3086,2012-06-24T17:44:08.395226+00:00,2008-08-08T12:10:14.467830+00:00,hg
CL-Sudoku,roerd,,22886,2011-12-15T11:27:18.749300+00:00,2008-08-08T20:51:46.056741+00:00,hg
Growl,boredzo,,120416628,2012-06-24T17:45:44.533115+00:00,2008-08-08T22:42:47.773104+00:00,hg
bhive,weisjohn,,27341,2012-06-24T17:45:50.764496+00:00,2008-08-09T06:38:39.848734+00:00,hg
YDbf,j2a,,117134,2012-06-24T17:45:51.520382+00:00,2008-08-10T03:30:10.325172+00:00,hg
Growl external resources,boredzo,,7362920,2012-06-24T17:45:54.155284+00:00,2008-08-10T07:18:58.623924+00:00,hg
gazpacho-main,aafshar,,789418,2011-09-17T03:30:01.015361+00:00,2008-08-10T13:54:32.500281+00:00,hg
gazpacho-gtkbuilderonly,aafshar,,792034,2011-09-17T03:30:01.038396+00:00,2008-08-10T15:25:22.957902+00:00,hg
pybench-mirror,leosoto,,117573,2011-09-17T08:32:37.250104+00:00,2008-08-11T00:08:42.446881+00:00,hg
jybench,leosoto,,119404,2011-09-17T08:32:37.268678+00:00,2008-08-11T00:12:41.788569+00:00,hg
pytils,j2a,,338775,2011-09-17T03:12:35.598845+00:00,2008-08-11T03:03:36.473694+00:00,hg
diff-colorize,boredzo,,26251,2012-06-24T17:46:02.124591+00:00,2008-08-11T08:03:48.152896+00:00,hg
ProjectEuler,OJ,,64522,2013-05-25T11:51:20.218141+00:00,2008-08-11T09:54:13.224236+00:00,hg
close bit,ibn,,7878,2012-06-24T17:46:04.647224+00:00,2008-08-11T13:55:56.515597+00:00,hg
configure-hgrc,boredzo,,24741,2011-09-16T23:59:08.430317+00:00,2008-08-11T22:30:10.219707+00:00,hg
dotfiles,ches,,18707843,2014-08-30T03:20:42.940028+00:00,2008-08-12T03:27:45.760782+00:00,hg
psb,juricap,,3020,2012-06-24T17:46:15.847381+00:00,2008-08-12T13:50:01.360474+00:00,hg
Emacs,pdixon,,7797395,2012-06-24T17:46:25.551699+00:00,2008-08-13T02:41:46.408270+00:00,hg
Sorting,OJ,,29010,2012-06-24T17:46:27.638394+00:00,2008-08-13T09:31:32.310056+00:00,hg
perl_recdescent_examples,peter_shook,,22743,2012-06-24T17:46:28.252170+00:00,2008-08-13T15:08:00.813787+00:00,hg
python_hub,peter_shook,,5631,2012-06-24T17:46:28.763981+00:00,2008-08-13T15:18:06.945303+00:00,hg
dotfiles,ursm,,2721435,2012-06-24T17:46:32.609594+00:00,2008-08-13T17:25:17.038951+00:00,hg
allknow,sphynx,,42968,2012-06-24T17:46:33.349175+00:00,2008-08-13T20:24:13.972049+00:00,hg
clientmgr,DanC,,16456,2012-06-24T17:46:34.064467+00:00,2008-08-13T20:43:55.039582+00:00,hg
pedropapa9,pedropapa9,,3104,2012-06-24T17:46:41.027327+00:00,2008-08-14T12:58:25.489512+00:00,hg
xpattern,Manfre,,2160855,2011-09-17T03:09:20.592548+00:00,2008-08-15T01:08:54.977357+00:00,hg
icedfs,ohac,,45795,2012-06-24T17:46:42.526475+00:00,2008-08-15T01:41:57.963167+00:00,hg
XMLSocket.NET,shokai,,3042178,2012-06-24T17:46:44.383564+00:00,2008-08-15T04:50:16.623301+00:00,hg
my,MiCHiLU,,1104189,2012-12-26T04:25:21.093326+00:00,2008-08-15T06:35:14.434025+00:00,hg
poker,sphynx,,2906290,2012-06-24T17:46:47.830028+00:00,2008-08-15T08:54:35.418628+00:00,hg
NSCell IB plug-in,boredzo,,12039,2012-06-24T17:46:48.460283+00:00,2008-08-15T09:27:56.579877+00:00,hg
avatar,SAINTZPLAY,,3101,2012-06-24T17:46:48.835527+00:00,2008-08-15T15:31:14.746896+00:00,hg
indian-language-converter,metaperl,,3156,2012-06-24T17:46:49.542318+00:00,2008-08-15T17:50:26.357167+00:00,hg
sanskrit-translit,metaperl,,28266,2012-06-24T17:46:56.406667+00:00,2008-08-16T02:51:20.752495+00:00,hg
xnu-speedstep,mercurysquad,,9609213,2012-06-24T17:46:57.765031+00:00,2008-08-16T06:09:07.136185+00:00,hg
partial-soc,frechtenstein,,9045,2012-06-24T17:47:18.237505+00:00,2008-08-16T16:06:08.642174+00:00,hg
pushtest,metaperl,,3677,2012-06-24T17:47:24.343941+00:00,2008-08-17T13:18:08.225593+00:00,hg
unitar,mg,,9802,2012-08-09T01:05:06.076886+00:00,2008-08-17T16:50:31.176145+00:00,hg
gutenberg-fb2,vkorablin,,28011,2012-06-24T17:47:25.634469+00:00,2008-08-17T20:38:03.899212+00:00,hg
test,sdkmvx,,3077,2012-06-24T17:47:26.040127+00:00,2008-08-17T23:22:59.807418+00:00,hg
test1,irieda,,3080,2012-06-24T17:47:26.448185+00:00,2008-08-18T02:27:13.637019+00:00,hg
tx-submissions,ctrochalakis,,1497035,2012-06-24T17:47:28.994744+00:00,2008-08-18T08:18:15.147370+00:00,hg
Impresion,trungus,,3042,2012-06-24T17:47:30.401281+00:00,2008-08-18T11:57:26.526520+00:00,hg
ldap2vcard,jespern,,7308,2012-06-24T17:47:31.252960+00:00,2008-08-18T15:05:43.404241+00:00,hg
reaps,reaper,,3077,2012-06-24T17:47:32.632369+00:00,2008-08-19T06:22:31.314742+00:00,hg
roomie_matt,Craterdome,,26217901,2011-09-17T04:06:42.735241+00:00,2008-08-19T20:24:48.815571+00:00,hg
roomie_david,dbergum,,26217898,2011-09-17T04:06:42.751948+00:00,2008-08-19T20:26:30.658898+00:00,hg
roomie_alex,ryuzaki09,,26218488,2011-09-17T04:06:42.722964+00:00,2008-08-19T20:26:36.533184+00:00,hg
roomiereal,kkubasik,,55388964,2011-09-17T08:55:57.753785+00:00,2008-08-20T00:17:47.402727+00:00,hg
roomiereal_john,kkubasik,,50109565,2011-09-17T08:55:57.790312+00:00,2008-08-20T03:37:16.302061+00:00,hg
challenge-ladder,metaperl,,3125,2012-06-24T17:47:33.778247+00:00,2008-08-20T03:58:46.981815+00:00,hg
Viper,Viper,,3077,2012-06-24T17:47:34.523190+00:00,2008-08-20T07:24:45.275829+00:00,hg
ActionPython,SumiTomohiko,,2241113,2012-06-24T17:47:38.545284+00:00,2008-08-20T13:35:38.074192+00:00,hg
deconvolve,sandos,,7322,2012-06-24T17:47:39.432664+00:00,2008-08-20T17:02:08.555742+00:00,hg
david-roomie-real,dbergum,,55432308,2011-09-17T08:55:57.830610+00:00,2008-08-20T19:14:10.901926+00:00,hg
roomiereal_matt,Craterdome,,55463487,2011-09-17T08:55:57.772543+00:00,2008-08-20T19:19:32.131421+00:00,hg
roomiereal_alex,ryuzaki09,,49635595,2011-09-17T08:55:57.812318+00:00,2008-08-20T19:27:44.601342+00:00,hg
weblocks-ian,ianeslick,,1598736,2011-09-16T22:51:50.232265+00:00,2008-08-20T19:39:20.368336+00:00,hg
minibot-sercontrol,vooon,,145648,2012-06-24T17:47:41.557602+00:00,2008-08-21T13:18:36.076119+00:00,hg
hgbook,ostkamp,,1625617,2012-06-24T17:47:44.189460+00:00,2008-08-21T16:35:29.243296+00:00,hg
DamplentyHoodly,chedabob,,92253,2012-06-24T17:47:45.906545+00:00,2008-08-21T20:06:17.082124+00:00,hg
Avatars,WontonTiger,,3100,2012-06-24T17:47:46.307996+00:00,2008-08-22T04:08:19.502242+00:00,hg
test,k4ml,,3071,2012-06-24T17:47:46.668849+00:00,2008-08-22T11:49:47.519987+00:00,hg
test2,k4ml,,33024,2012-06-24T17:47:47.243287+00:00,2008-08-22T11:50:26.356968+00:00,hg
mumble-mirror,mkrautz,,7205988,2012-06-24T17:48:31.566041+00:00,2008-08-22T18:49:16.704392+00:00,hg
contexteditor,mohbana,,64406,2012-06-24T17:48:38.599913+00:00,2008-08-23T19:22:14.531790+00:00,hg
pida,teberle,,3412559,2012-06-24T17:48:47.786931+00:00,2008-08-24T14:58:54.228194+00:00,hg
Growl,evands,,65880654,2012-06-24T17:49:28.963596+00:00,2008-08-24T17:23:09.180114+00:00,hg
mumble-macports,mkrautz,,24658,2012-06-24T17:49:34.148343+00:00,2008-08-24T19:26:14.318987+00:00,hg
mts-ppp,max,,6449,2012-06-24T17:49:34.850678+00:00,2008-08-25T06:49:05.384192+00:00,hg
CPU Usage,boredzo,,1237251,2012-08-08T08:37:39.954840+00:00,2008-08-25T08:24:34.460997+00:00,hg
phylogenetic_utils,dfdeshom,,61517,2012-06-24T17:49:35.809074+00:00,2008-08-25T12:48:27.543792+00:00,hg
pyreallib,dfdeshom,,264682,2012-06-24T17:49:36.632824+00:00,2008-08-25T12:57:05.272671+00:00,hg
wmii,kmaglione,,3970190,2011-09-17T04:47:10.878558+00:00,2008-08-25T16:20:37.743754+00:00,hg
libixp,kmaglione,,402021,2012-06-24T17:50:24.513200+00:00,2008-08-25T16:21:49.963045+00:00,hg
ln,enriquepablo,,34561,2012-06-24T17:50:25.255188+00:00,2008-08-25T18:17:31.057657+00:00,hg
pyetsy,jespern,,5573,2012-06-24T17:50:25.759958+00:00,2008-08-25T19:17:30.551187+00:00,hg
tumblry,dfdeshom,,4747,2012-06-24T17:50:26.652010+00:00,2008-08-26T00:09:20.577888+00:00,hg
sparse_set_python,dfdeshom,,30446,2012-06-24T17:50:27.215780+00:00,2008-08-26T00:33:46.716067+00:00,hg
roomie_charts,kkubasik,,30499,2012-06-24T17:50:27.964277+00:00,2008-08-26T10:37:52.561668+00:00,hg
dfdeshom-code,dfdeshom,,63867,2012-06-24T17:50:29.437768+00:00,2008-08-26T15:51:52.528215+00:00,hg
life,elcugo,,16893,2012-06-24T17:50:31.097809+00:00,2008-08-27T05:18:47.665191+00:00,hg
japroxy,sandos,,10029,2012-06-24T17:50:31.739077+00:00,2008-08-27T13:56:07.506318+00:00,hg
puck,jespern,,31979,2012-06-24T17:50:32.429434+00:00,2008-08-27T17:14:01.077807+00:00,hg
freddy,gogogadget88,,3100,2012-06-24T17:50:32.828877+00:00,2008-08-27T22:11:18.906162+00:00,hg
Jmskit,sandos,,50182,2012-06-24T17:50:33.457315+00:00,2008-08-28T13:07:46.406718+00:00,hg
perl_template_kiss,peter_shook,,19144,2012-06-24T17:50:34.404890+00:00,2008-08-29T00:20:06.520410+00:00,hg
hgepy,aleax,,2896088,2012-06-24T17:50:35.466515+00:00,2008-08-29T04:12:28.605223+00:00,hg
serino,dtamez,,16973268,2012-06-24T17:50:52.515357+00:00,2008-08-29T16:43:57.638744+00:00,hg
gSonata,getxsick,,3090,2012-06-24T17:50:54.708225+00:00,2008-08-29T22:56:54.372342+00:00,hg
kodou,shokai,,2123596,2012-06-24T17:50:55.451627+00:00,2008-08-30T12:21:49.103810+00:00,hg
HTTPLib.NET,shokai,,1504021,2011-09-12T01:10:28.241543+00:00,2008-08-31T05:24:44.978446+00:00,hg
mcabber,McKael,,6196020,2014-08-24T09:08:20.382883+00:00,2008-08-31T11:42:58.404207+00:00,hg
mcabber-crew,McKael,,6196807,2014-08-17T15:48:11.369403+00:00,2008-08-31T11:53:46.997471+00:00,hg
gaviota,D3f0,,6001166,2012-06-24T17:51:16.472792+00:00,2008-08-31T15:57:55.954074+00:00,hg
CIUnit,rafsoaken,,502478,2011-09-17T01:31:30.434781+00:00,2008-08-31T17:14:47.756739+00:00,hg
weblocks-test-fixes,S11001001,,1603377,2011-09-16T22:51:50.040505+00:00,2008-08-31T22:56:13.006184+00:00,hg
lxde-overlay,yngwin,,219789,2012-06-24T17:51:24.826069+00:00,2008-09-01T01:13:19.343816+00:00,hg
factor-work,vegai,,13049,2012-06-24T17:51:25.645250+00:00,2008-09-01T07:55:04.539487+00:00,hg
tinkerings,rom1,,16519,2012-06-24T17:51:26.329817+00:00,2008-09-01T09:43:08.126443+00:00,hg
CAA_plots,rafsoaken,,2913594,2012-06-24T17:51:27.674520+00:00,2008-09-01T10:34:09.217947+00:00,hg
qi,kiwidrew,,346302,2012-06-05T17:09:31.488187+00:00,2008-09-01T16:26:29.102222+00:00,hg
dog1,xxxrbxxx,,3083,2012-06-24T17:51:28.458966+00:00,2008-09-01T19:14:18.285841+00:00,hg
mysqlasync,mopemope,,20262,2012-06-24T17:52:05.440451+00:00,2008-09-02T16:42:08.268273+00:00,hg
descom,D3f0,,33022,2012-06-24T17:52:06.353384+00:00,2008-09-02T16:54:22.576352+00:00,hg
hg,faheem,,38038,2011-09-16T08:18:00.927454+00:00,2008-09-02T17:45:11.913191+00:00,hg
Lua5_History,peter_shook,,567376,2011-09-12T01:11:49.316280+00:00,2008-09-02T22:52:38.968211+00:00,hg
translate,translate_org_za,,3116,2012-06-24T17:52:06.733451+00:00,2008-09-02T23:02:56.489412+00:00,hg
PutHorizontal,iuri,,22276,2012-06-24T17:52:07.336904+00:00,2008-09-03T09:39:33.859842+00:00,hg
metascore,max3,,19213291,2011-09-17T07:55:12.036928+00:00,2008-09-03T15:21:08.025052+00:00,hg
pde-scala,mohbana,,9045,2012-06-24T17:52:08.017390+00:00,2008-09-03T22:14:51.000576+00:00,hg
static,luke,,28046,2013-07-27T15:19:46.230869+00:00,2008-09-04T04:39:18.873433+00:00,hg
metascore_old,mbarkhau,,19166434,2011-09-17T07:55:12.062966+00:00,2008-09-04T07:55:15.673314+00:00,hg
notes,peter_shook,,35635,2012-06-24T17:52:09.412127+00:00,2008-09-04T12:35:04.241674+00:00,hg
v8onpython,dfdeshom,,7589001,2012-06-24T17:52:20.705225+00:00,2008-09-04T12:44:07.333459+00:00,hg
Miru,djfroofy,,7550209,2011-09-17T00:36:07.207662+00:00,2008-09-04T15:05:52.092847+00:00,hg
transifex-tg,diegobz,,1423641,2012-06-24T17:52:25.358382+00:00,2008-09-04T15:32:03.465403+00:00,hg
CUT,kc5tja,,748341,2014-04-05T06:29:14.929037+00:00,2008-09-04T20:34:15.741149+00:00,hg
timelog,max,,41178,2012-06-24T17:52:29.202303+00:00,2008-09-05T08:50:41.275683+00:00,hg
Multicast-simcalc,omeen,,15316455,2012-08-20T09:32:29.914724+00:00,2008-09-05T14:14:11.228707+00:00,hg
transifex,stephane,,1748765,2012-06-24T17:52:34.860920+00:00,2008-09-05T16:17:26.971347+00:00,hg
model2,stephane,,1805217,2012-06-24T17:52:37.383146+00:00,2008-09-05T16:19:46.567810+00:00,hg
dozer,bbangert,,231783,2013-04-03T11:15:31.510592+00:00,2008-09-05T17:36:45.985259+00:00,hg
nom,chuck,,133486,2012-06-24T17:52:38.533322+00:00,2008-09-05T20:17:15.143846+00:00,hg
roars,undees,,17792,2012-06-24T17:52:39.558736+00:00,2008-09-06T00:55:40.261553+00:00,hg
hg-pbranch,parren,python,6811759,2012-11-18T06:35:46.630981+00:00,2008-09-06T08:24:00.443290+00:00,hg
Wacken 08,MegaMo,,3098,2012-06-24T17:52:39.959069+00:00,2008-09-06T09:08:25.559412+00:00,hg
epoker,sphynx,,102660,2012-06-24T17:52:40.719217+00:00,2008-09-06T10:17:25.134123+00:00,hg
mercurial-crew-stable,mirror,,16887188,2011-09-30T01:14:22.026583+00:00,2008-09-06T13:44:01.146532+00:00,hg
Twonk,rpj,,168928,2012-06-24T17:52:42.402023+00:00,2008-09-06T20:22:42+00:00,hg
bash,nghidav,,3079,2012-06-24T17:52:43.216914+00:00,2008-09-07T11:04:59.102721+00:00,hg
packaging,nghidav,,3097,2012-06-24T17:52:43.617713+00:00,2008-09-07T11:05:58.637299+00:00,hg
boot,nghidav,,3079,2012-06-24T17:52:44.035466+00:00,2008-09-07T11:08:59.923355+00:00,hg
parsers,nghidav,,3089,2012-06-24T17:52:44.438074+00:00,2008-09-07T11:12:12.910539+00:00,hg
constraints,nghidav,,3104,2012-06-24T17:52:44.813814+00:00,2008-09-07T11:13:34.234477+00:00,hg
services,nghidav,,3094,2012-06-24T17:52:45.224512+00:00,2008-09-07T11:14:35.327239+00:00,hg
aws,nghidav,,3075,2012-06-24T17:52:46.016956+00:00,2008-09-07T11:19:03.240503+00:00,hg
runmany,nghidav,,3089,2012-06-24T17:52:46.403180+00:00,2008-09-07T12:12:24.206468+00:00,hg
dotfiles,blackbrass88,,5390,2012-06-24T17:52:47.924942+00:00,2008-09-07T20:34:51.265728+00:00,hg
community_codeswarm,ArneBab,,583365,2012-06-24T17:52:48.528631+00:00,2008-09-07T20:37:16.954010+00:00,hg
Amas,FernandoVezzosi,,914017,2012-06-24T17:52:51.206923+00:00,2008-09-07T21:41:16.564922+00:00,hg
compilador-utp,bogdano,,877329,2012-06-24T17:52:55.822105+00:00,2008-09-08T02:13:29.949837+00:00,hg
Pheenix,itay,,6369,2012-06-24T17:52:56.503732+00:00,2008-09-08T05:55:32.339405+00:00,hg
vbox-utils,max,,8163,2012-06-24T17:52:56.997748+00:00,2008-09-08T08:50:27.972030+00:00,hg
hghost,nghidav,,3086,2012-06-24T17:52:57.392832+00:00,2008-09-08T10:01:58.159578+00:00,hg
ompc,juricap,,638061,2014-01-05T23:41:33.566339+00:00,2008-09-08T11:53:12.545701+00:00,hg
Pootle,translate_org_za,,5075783,2012-06-24T17:53:02.863924+00:00,2008-09-08T12:01:41.886210+00:00,hg
MailCore,mronge,,13264138,2011-09-16T07:08:36.662626+00:00,2008-09-09T01:45:56.341358+00:00,hg
xnu-emunexgen,mercurysquad,,21677,2012-06-24T17:53:04.117219+00:00,2008-09-09T13:39:47.366350+00:00,hg
anyvc,RonnyPfannschmidt,,491616,2012-12-23T15:34:39.661467+00:00,2008-09-09T19:29:43.771235+00:00,hg
pb,boredzo,,93301,2011-09-17T03:52:25.715435+00:00,2008-09-09T23:35:21.787292+00:00,hg
sptest,sp,,51073,2012-06-24T17:53:04.569083+00:00,2008-09-10T06:05:17.462660+00:00,hg
End Of The World,kkubasik,,18016,2011-09-17T07:57:15.556284+00:00,2008-09-10T07:45:21.724651+00:00,hg
endoftheworld_weisjohn_2,weisjohn,,14102,2011-09-17T07:57:15.572410+00:00,2008-09-10T09:54:42.993185+00:00,hg
Number Guess,Wgaffa,,3106,2012-06-24T17:53:04.924130+00:00,2008-09-10T12:11:35.846564+00:00,hg
Word Jumble,Wgaffa,,4738,2012-06-24T17:53:05.362429+00:00,2008-09-10T12:12:32.979035+00:00,hg
register_bitfield_decoder,peter_shook,,68261,2012-06-24T17:53:06.352914+00:00,2008-09-11T03:33:09.547058+00:00,hg
snapmenow,madssj,,1481978,2012-06-24T17:53:07.949787+00:00,2008-09-11T11:12:06.884732+00:00,hg
lslua,THC4k,,986677,2012-06-24T17:53:08.960183+00:00,2008-09-11T14:01:41.129182+00:00,hg
DotFiles,nawoto,,1205330,2012-06-24T17:53:11.503427+00:00,2008-09-11T16:45:01.136304+00:00,hg
blub,shawnh,,2277180,2012-06-24T17:53:12.984604+00:00,2008-09-11T19:02:56.231720+00:00,hg
sshkeys,nghidav,,3090,2012-06-24T17:53:13.513628+00:00,2008-09-11T20:23:17.721762+00:00,hg
pygments-main,birkenfeld,,7795003,2014-09-17T06:24:44.329633+00:00,2008-09-11T21:06:57.052338+00:00,hg
jinja2-main,mitsuhiko,,3951863,2011-09-17T00:40:24.051490+00:00,2008-09-11T21:58:07.204889+00:00,hg
mercurial/crew,bos,,3104,2012-06-24T17:53:13.889786+00:00,2008-09-11T23:23:50.451200+00:00,hg
wrpg,cbarrett,,79689,2012-06-24T17:53:14.511451+00:00,2008-09-12T00:07:31.442646+00:00,hg
clutter-ocaml,rvanmelle,,1787739,2012-06-24T17:53:31.062758+00:00,2008-09-12T15:03:47.581931+00:00,hg
pyutils,miracle2k,,166234,2012-06-24T17:53:34.112750+00:00,2008-09-12T21:38:47.119211+00:00,hg
djutils,miracle2k,,415606,2013-05-01T21:25:05.854734+00:00,2008-09-12T21:46:12.759719+00:00,hg
opennom,vegai,,25585,2012-06-24T17:53:37.398362+00:00,2008-09-13T19:37:07.422948+00:00,hg
cx,mronge,,1169247,2011-09-17T03:14:11.896242+00:00,2008-09-14T03:31:54.177667+00:00,hg
lodgeit-main,EnTeQuAk,,2065441,2013-01-15T21:01:58.712692+00:00,2008-09-14T11:23:10.203020+00:00,hg
IPSim,ricky_clarkson,,1477052,2012-06-24T17:54:11.368129+00:00,2008-09-14T22:11:42.532445+00:00,hg
werkzeug-main,mitsuhiko,,4091709,2011-09-16T23:39:23.903494+00:00,2008-09-14T23:02:26.214591+00:00,hg
dwdev-tools,anall,,49104,2012-04-05T01:37:15.584820+00:00,2008-09-15T03:11:02.534238+00:00,hg
pida-main,aafshar,,6158307,2012-03-13T20:10:02.175450+00:00,2008-09-15T14:30:29.672903+00:00,hg
Hamster-applet-stats,juanje,,842769,2012-06-24T17:54:13.996751+00:00,2008-09-15T16:31:31.104344+00:00,hg
GIF,jonfsk,,3075,2012-06-24T17:54:21.087088+00:00,2008-09-16T23:13:37.181571+00:00,hg
dozer_contrib,zepolen,,84381,2011-09-17T04:42:13.018527+00:00,2008-09-16T23:55:49.841636+00:00,hg
QTListChapters,boredzo,,19363,2012-06-24T17:54:21.636945+00:00,2008-09-17T03:49:18.711600+00:00,hg
tetetetetest,horaguchi,,3737,2012-06-24T17:54:22.212299+00:00,2008-09-17T05:34:14.730040+00:00,hg
juicer,ionelmc,,2652068,2012-06-24T17:54:29.240762+00:00,2008-09-17T08:41:32.372655+00:00,hg
test,nunb,,3070,2012-06-24T17:54:30.911785+00:00,2008-09-17T11:25:12.444760+00:00,hg
dotfiles,orn,,132310,2011-09-17T04:48:53.765218+00:00,2008-09-17T15:25:10.473405+00:00,hg
pida-poelzi-antlr,poelzi,,365163,2012-06-24T17:54:31.944316+00:00,2008-09-17T22:08:35.115663+00:00,hg
flatland,jek,,1181516,2014-08-28T05:17:51.165423+00:00,2008-09-18T02:12:27.324681+00:00,hg
Shabti,gjhiggins,,26094842,2011-09-17T04:40:05.803501+00:00,2008-09-18T07:23:13.664714+00:00,hg
upgrade-nibs,boredzo,,5853,2012-06-24T17:54:32.481267+00:00,2008-09-18T08:42:54.499529+00:00,hg
Snapium,luizvalter,,3099,2012-06-24T17:54:33.206853+00:00,2008-09-18T12:00:52.510737+00:00,hg
Growl,Diggory,,65990079,2012-06-24T17:55:14.313419+00:00,2008-09-18T16:27:09.525767+00:00,hg
trapy,darvid,,20721,2013-03-02T17:05:19.715499+00:00,2008-09-18T16:58:59.508373+00:00,hg
AliTest,apasha,,3086,2011-09-17T04:07:54.856736+00:00,2008-09-18T20:11:55.110262+00:00,hg
mockito-python,szczepiq,,391481,2014-04-08T02:41:30.740847+00:00,2008-09-18T21:35:47.564224+00:00,hg
wtf is this,browns,,3102,2012-06-24T17:55:19.930567+00:00,2008-09-19T00:10:01.387985+00:00,hg
apertium-quenya,sanxiyn,,80687,2012-06-24T17:55:20.807058+00:00,2008-09-19T04:33:35.977416+00:00,hg
qtopia-i18n-cs_CZ,jreznik,,203243,2012-06-24T17:55:23.911338+00:00,2008-09-19T13:25:41.053732+00:00,hg
ru,oskarei,,3071,2012-06-24T17:55:24.420178+00:00,2008-09-19T14:50:48.092097+00:00,hg
addressbookcouchdb4j,metalelf0,,19607,2012-06-24T17:55:24.964850+00:00,2008-09-19T15:22:13.980467+00:00,hg
rubricacouchdb4j,Sirion,,23041,2012-06-24T17:55:25.570984+00:00,2008-09-19T15:43:49.356493+00:00,hg
noor,agr,,1332425,2012-06-24T17:55:27.147243+00:00,2008-09-19T18:53:08.467567+00:00,hg
jbehave,tastapod,,7669914,2012-06-24T17:55:31.801210+00:00,2008-09-19T18:55:39.892258+00:00,hg
rehash_services,boredzo,,4626,2012-06-24T17:55:32.614637+00:00,2008-09-19T19:39:57.898073+00:00,hg
Test,drizz,,3073,2012-06-24T17:55:32.991727+00:00,2008-09-19T19:41:59.946395+00:00,hg
rope_py3k,agr,,3552227,2012-06-24T17:55:35.192777+00:00,2008-09-19T21:09:54.648886+00:00,hg
nobrots pics,nobrot,,3102,2012-06-24T17:55:35.946523+00:00,2008-09-19T21:16:07.020563+00:00,hg
Avitar,tmanXX,,3030,2012-06-24T17:55:36.291579+00:00,2008-09-20T02:11:53.873391+00:00,hg
MontyLingua3,cnu,,6019472,2011-09-17T04:12:13.547452+00:00,2008-09-20T05:46:07.369840+00:00,hg
simoneb,simoneb,,438082,2012-06-24T17:55:37.591068+00:00,2008-09-20T15:30:10.130588+00:00,hg
naex,jreznik,,26087,2012-06-24T17:55:38.196421+00:00,2008-09-20T15:49:27.736644+00:00,hg
vursata,vursata,,3086,2012-06-24T17:55:38.607254+00:00,2008-09-20T21:42:26.284639+00:00,hg
StringBoard,boredzo,,75627,2012-06-24T17:55:39.331077+00:00,2008-09-20T23:23:23.856172+00:00,hg
Bgyme2,Bgyme,,3082,2012-06-24T17:55:40.179993+00:00,2008-09-21T00:20:40.856654+00:00,hg
footnotes-hs,roerd,,102338,2012-11-18T21:11:00.736487+00:00,2008-09-21T21:49:01.468852+00:00,hg
repoze.who.plugins.recaptcha,iElectric,,18534,2012-06-24T17:55:42.742859+00:00,2008-09-21T22:29:19.409969+00:00,hg
django-registration,ubernostrum,,531749,2014-09-12T17:04:20.288300+00:00,2008-09-22T09:47:41.028281+00:00,hg
django-profiles,ubernostrum,,43822,2014-01-18T13:24:04.805226+00:00,2008-09-22T10:21:25.771851+00:00,hg
django-contact-form,ubernostrum,,87837,2013-08-20T18:34:53.226526+00:00,2008-09-22T10:31:24.118795+00:00,hg
django-template-utils,ubernostrum,,120790,2013-06-02T18:03:51.903236+00:00,2008-09-22T12:45:16.637828+00:00,hg
blog,undees,,163068,2012-06-24T17:56:31.266800+00:00,2008-09-22T18:05:15.654698+00:00,hg
glashammer-main,aafshar,,894008,2011-09-16T07:27:47.224835+00:00,2008-09-22T20:07:11.880519+00:00,hg
emacsd,itkach,,801435,2013-10-27T14:16:41.641480+00:00,2008-09-22T21:47:55.425015+00:00,hg
qtm,IndigoJo,,415152,2012-06-24T17:56:35.807204+00:00,2008-09-22T23:39:46.530936+00:00,hg
juicer-pylons,ionelmc,,9866311,2012-06-24T17:56:43.208018+00:00,2008-09-23T07:22:22.012251+00:00,hg
s3k,tals3k,,3072,2012-06-24T17:56:44.363544+00:00,2008-09-23T12:03:48.191026+00:00,hg
PetscExtStokesSolvers,knepley,,326875,2012-06-24T17:56:47.917930+00:00,2008-09-23T19:15:46.010258+00:00,hg
Supybot ChannelLogger,THC4k,,14551,2012-06-24T17:56:48.609707+00:00,2008-09-23T21:24:53.366722+00:00,hg
niche,spiralhead,,358817,2012-06-24T17:56:52.817467+00:00,2008-09-24T01:17:42.289617+00:00,hg
niche-ws,spiralhead,,35637,2012-06-24T17:56:53.664292+00:00,2008-09-24T01:54:56.121290+00:00,hg
niche-central,spiralhead,,3001715,2012-06-24T17:57:01.296137+00:00,2008-09-24T02:04:02.767932+00:00,hg
niche-http-common,spiralhead,,13597,2012-06-24T17:57:02.653064+00:00,2008-09-24T02:14:21.054556+00:00,hg
niche-mindb,spiralhead,,673427,2012-06-24T17:57:03.338006+00:00,2008-09-24T02:17:11.189152+00:00,hg
niche-xml,spiralhead,,17298,2012-06-24T17:57:03.973472+00:00,2008-09-24T02:23:34.063501+00:00,hg
clojure,nghidav,,3091,2012-06-24T17:57:04.427157+00:00,2008-09-24T04:32:10.216924+00:00,hg
1w6,ArneBab,,326438602,2014-09-07T16:33:14.544127+00:00,2008-09-24T11:16:47.620751+00:00,hg
blatter,jek,,16573,2013-06-05T16:31:09.548006+00:00,2008-09-24T14:45:57.139288+00:00,hg
flatland-www,jek,,197075,2012-06-24T17:57:05.754912+00:00,2008-09-24T14:57:48.055591+00:00,hg
sliderepl-www,jek,,14587,2012-06-24T17:57:06.399945+00:00,2008-09-24T15:03:44.354161+00:00,hg
discorporate-www,jek,,725922,2012-06-24T17:57:07.371072+00:00,2008-09-24T15:05:57.511399+00:00,hg
suds,mirror,,1114774,2012-02-13T21:45:08.659937+00:00,2008-09-24T16:43:22.438918+00:00,hg
RhinoMocksNotification,alexscordellis,,1293725,2012-06-24T17:57:11.111444+00:00,2008-09-24T17:28:19.340610+00:00,hg
niche-fastctl,spiralhead,,20742,2012-06-24T17:57:11.821087+00:00,2008-09-24T17:36:02.335993+00:00,hg
sweb,bs,,2665603,2012-06-24T17:57:21.897817+00:00,2008-09-24T22:11:45.063795+00:00,hg
sweb-docs,bs,,3837674,2012-06-24T17:57:24.043307+00:00,2008-09-24T22:17:57.166162+00:00,hg
sweb-experimental_lock_preempt,bs,,2659876,2012-06-24T17:57:28.214065+00:00,2008-09-24T22:20:27.627806+00:00,hg
sweb-dev,bs,,3153819,2012-06-24T17:57:33.160015+00:00,2008-09-24T22:33:56.089815+00:00,hg
sweb-minix-branch,bs,,2636048,2012-06-24T17:57:37.831707+00:00,2008-09-24T22:36:26.557986+00:00,hg
sweb-obsolete-fix,bs,,1203769,2012-06-24T17:57:41.336206+00:00,2008-09-24T22:37:50.013287+00:00,hg
sweb-preminixmerge,bs,,2335786,2012-06-24T17:57:45.165733+00:00,2008-09-24T22:38:57.599863+00:00,hg
sweb-presplit,bs,,2317908,2012-06-24T17:57:49.112422+00:00,2008-09-24T22:40:08.286993+00:00,hg
niche-jssp,spiralhead,,744039,2012-06-24T17:57:50.114195+00:00,2008-09-24T23:35:04.253752+00:00,hg
pic,wattz,,3069,2012-06-24T17:57:50.490407+00:00,2008-09-25T00:43:47.312680+00:00,hg
ropeide,agr,,655208,2012-06-24T17:57:51.643572+00:00,2008-09-25T01:31:44.107828+00:00,hg
Camino,mpodonyi,,256865,2012-06-24T17:57:53.242278+00:00,2008-09-25T12:00:45.688543+00:00,hg
plggz,kucici,,40997,2012-06-24T17:57:54.061699+00:00,2008-09-25T13:00:55.711197+00:00,hg
mockito,tastapod,,13042709,2012-06-24T17:58:05.937657+00:00,2008-09-25T23:52:21.399645+00:00,hg
jsclude,kucici,,191403,2012-06-24T17:58:08.126219+00:00,2008-09-26T09:45:27.849720+00:00,hg
mediatr,dobrych,,28171,2012-06-24T17:58:08.778319+00:00,2008-09-26T10:52:44.629554+00:00,hg
mnemosyne,joubert,,19710,2012-06-24T17:58:09.192745+00:00,2008-09-26T14:03:34.178524+00:00,hg
cURLpp,jpbarrette,,878988,2011-11-06T18:55:52.075973+00:00,2008-09-26T14:31:26.500285+00:00,hg
qehla,jreznik,,3084,2012-06-24T17:58:09.614209+00:00,2008-09-26T18:28:41.736849+00:00,hg
test,trisa,,3072,2012-06-24T17:58:09.995621+00:00,2008-09-26T18:57:07.053422+00:00,hg
cppbot,ChrisM,,318101,2011-09-17T07:54:35.936191+00:00,2008-09-26T23:23:35.792632+00:00,hg
test,ngrilly,,5693,2012-06-24T17:58:10.775014+00:00,2008-09-27T00:33:12.624932+00:00,hg
test,csytan,,3075,2012-06-24T17:58:11.241984+00:00,2008-09-27T06:26:15.927195+00:00,hg
Aldrin,paniq,,17663764,2012-06-24T17:58:20.452382+00:00,2008-09-27T11:30:31.369110+00:00,hg
Armstrong,paniq,,9966714,2011-09-17T08:01:18.823218+00:00,2008-09-27T11:32:10.573713+00:00,hg
EasyHash,boredzo,objective-c,576376,2012-09-25T22:18:19.225847+00:00,2008-09-27T13:19:34.094603+00:00,hg
Ikulo,hangy,,108136,2012-06-24T17:58:23.544450+00:00,2008-09-27T16:44:37.072075+00:00,hg
footnotes-ocaml,roerd,,16981,2012-06-24T17:58:24.564453+00:00,2008-09-27T20:10:06.163640+00:00,hg
logging,dst,,106244,2011-09-17T07:54:35.968781+00:00,2008-09-27T23:31:16.417570+00:00,hg
my,clairvy,,3076,2012-06-24T17:58:25.016776+00:00,2008-09-28T00:53:22.142619+00:00,hg
OpenCabinet,thiloplanz,,1617349,2012-06-24T17:58:30.425555+00:00,2008-09-28T01:50:58.171615+00:00,hg
maxischenko.in.ua,max,,6981787,2012-06-24T17:58:38.371808+00:00,2008-09-28T04:59:41.223485+00:00,hg
ecf3,rac_ecf,,530978,2012-06-24T17:58:44.028560+00:00,2008-09-29T07:02:38.673457+00:00,hg
dw-esnimapd,anall,,7284,2012-06-24T17:58:44.643950+00:00,2008-09-29T12:16:07.898911+00:00,hg
SosetrackNG,metalelf0,,4987599,2012-06-24T17:58:49.463078+00:00,2008-09-29T14:21:13.487860+00:00,hg
hg-bzr,leonidas,,19394706,2011-09-08T21:10:19.088393+00:00,2008-09-29T16:17:43.745469+00:00,hg
BitbucketExtension,boredzo,,12583,2012-06-24T17:58:50.529322+00:00,2008-09-29T16:44:11.995041+00:00,hg
ruby-fedora,flyingzumwalt,,1075845,2012-06-24T17:58:52.131649+00:00,2008-09-29T19:04:45.694233+00:00,hg
PWModern,itay,,31986,2012-06-24T17:58:55.512688+00:00,2008-09-30T00:49:25.112074+00:00,hg
r5u87x,ahixon,,211152,2012-06-24T17:58:56.468874+00:00,2008-09-30T06:39:10.017652+00:00,hg
routes_contrib,zepolen,,512503,2013-03-04T01:31:25.974782+00:00,2008-09-30T10:02:52.213058+00:00,hg
jirails,tommaso,,487570,2012-06-24T17:59:00.143504+00:00,2008-09-30T12:26:57.354023+00:00,hg
Yong,Yong,,3076,2012-06-24T18:00:25.571240+00:00,2008-09-30T13:56:28.639935+00:00,hg
hgsubversion,durin42,python,1846955,2014-09-17T15:26:28.875692+00:00,2008-09-30T15:34:05.192851+00:00,hg
scratch,yusuke,,200490,2012-03-13T07:02:08.461738+00:00,2008-09-30T16:54:54.132175+00:00,hg
odium,mbarkhau,,59365,2012-06-24T18:00:29.800299+00:00,2008-09-30T18:06:41.045197+00:00,hg
veejay-pack,vvarp,,135479,2012-06-24T18:00:30.850648+00:00,2008-09-30T19:54:58.788083+00:00,hg
gnubux,metaperl,,50836,2012-06-24T18:00:31.672274+00:00,2008-09-30T22:31:45.607085+00:00,hg
daspp,EdK,,12974,2012-06-24T18:00:32.281826+00:00,2008-09-30T23:09:18.579271+00:00,hg
niche-runner,spiralhead,,10382,2012-06-24T18:00:33.270268+00:00,2008-10-01T06:18:16.845933+00:00,hg
nagare_poll,metaperl,,4425,2012-06-24T18:00:33.741426+00:00,2008-10-01T20:09:38.855797+00:00,hg
elixir_poll,metaperl,,4734,2012-06-24T18:00:34.289101+00:00,2008-10-01T20:09:59.264059+00:00,hg
cement,ccordoba12,,1988121,2012-06-24T18:00:38.323079+00:00,2008-10-02T07:42:47.792063+00:00,hg
ptc_math,metaperl,,10448,2012-06-24T18:00:39.290947+00:00,2008-10-02T09:00:16.556542+00:00,hg
SandBox,chaitanyag,,3718,2012-06-24T18:00:40.187654+00:00,2008-10-02T13:20:34.073908+00:00,hg
wxglade,agriggio,,10076350,2014-09-11T17:47:20.400461+00:00,2008-10-02T14:15:36.206717+00:00,hg
nl,enriquepablo,,604276,2012-06-24T18:00:41.435330+00:00,2008-10-02T20:02:38.486138+00:00,hg
JaSMT,zarya,,15261,2012-06-24T18:00:46.271222+00:00,2008-10-03T08:59:57.691189+00:00,hg
cx,ahixon,,1239160,2011-09-17T03:14:11.919382+00:00,2008-10-03T11:27:03.268218+00:00,hg
library,Silas,,125559,2012-06-24T18:00:47.403764+00:00,2008-10-03T15:16:10.027290+00:00,hg
oc,oc,,3032,2012-06-24T18:00:47.946904+00:00,2008-10-03T16:56:00.356519+00:00,hg
ElasticSim,romanz,matlab,1113866,2013-02-04T15:23:09.297578+00:00,2008-10-03T19:45:10.790585+00:00,hg
qct,sborho,,573971,2011-09-17T02:36:13.899227+00:00,2008-10-04T04:24:03.259545+00:00,hg
hgsvn,kokiya,,175101,2012-06-24T18:00:52.789141+00:00,2008-10-04T05:36:04.453629+00:00,hg
operationhelpers,THC4k,,42763,2012-06-24T18:00:53.324971+00:00,2008-10-04T14:23:00.008048+00:00,hg
Collective Intelligence study,shokai,,11472416,2012-06-24T18:00:55.655900+00:00,2008-10-04T15:51:49.031304+00:00,hg
fdisk,skypher,,563963,2013-07-14T08:15:59.638627+00:00,2008-10-04T19:25:45.622448+00:00,hg
mercurial/extensions/localbranch,brendan,,19627,2011-09-16T06:56:33.385752+00:00,2008-10-05T06:19:34.524002+00:00,hg
mercurial/extensions/hgcia,brendan,,19856,2012-06-24T18:00:57.769616+00:00,2008-10-05T06:30:04.192158+00:00,hg
mercurial/extensions/rdiff,brendan,,26095,2013-01-27T08:04:51.583481+00:00,2008-10-05T06:33:17.951864+00:00,hg
qtopiaautorot,jreznik,,3117,2012-06-24T18:00:58.208786+00:00,2008-10-05T06:52:25.136486+00:00,hg
linuxalt2008-openmoko,jreznik,,6916424,2012-06-24T18:00:59.308580+00:00,2008-10-05T11:53:53.065472+00:00,hg
csnagoya,clairvy,,51559,2012-06-24T18:01:03.245984+00:00,2008-10-06T13:18:39.716016+00:00,hg
cs4game,p334_03h,,76520,2012-06-24T18:01:04.964269+00:00,2008-10-06T18:21:54.721362+00:00,hg
jde-mvn,espenhw,,126612,2012-06-24T18:01:29.060257+00:00,2008-10-07T19:39:35.330276+00:00,hg
pida-poelzi-newbuffer,poelzi,,3611608,2011-09-17T03:11:38.493692+00:00,2008-10-08T03:03:49.011584+00:00,hg
QTDirUtility,halim,,211827,2012-06-24T18:01:30.188992+00:00,2008-10-08T06:08:48.955949+00:00,hg
gnumatrix,metaperl,,80619,2012-06-24T18:01:32.386032+00:00,2008-10-08T07:44:50.816473+00:00,hg
mockito-hardcore-tests,szczepiq,,460,2012-06-24T18:01:32.770332+00:00,2008-10-08T09:33:12.708042+00:00,hg
transmissionrpc,blueluna,python,674030,2014-05-27T19:00:02.535170+00:00,2008-10-08T19:39:59.051576+00:00,hg
ColdPay,wortyr,,3022,2012-06-24T18:01:33.535094+00:00,2008-10-08T20:59:09.435249+00:00,hg
pida-guyzmo-main,guyzmo,,2980484,2011-09-17T03:11:38.481046+00:00,2008-10-08T22:15:57.372031+00:00,hg
LTagLib,jfsantos,c,8412,2012-06-24T18:01:34.832819+00:00,2008-10-09T12:34:29.187686+00:00,hg
knowledge,pioneer,,11646054,2012-06-24T18:02:05.682103+00:00,2008-10-09T13:42:58.381452+00:00,hg
Benchmark Counter .NET,shokai,,264149,2012-06-24T18:02:22.723048+00:00,2008-10-09T17:18:40.751010+00:00,hg
lisp-exercises.,qebab,,404008,2012-06-24T18:02:23.351691+00:00,2008-10-09T17:56:48.296474+00:00,hg
cython-doc,certik,,548685,2012-06-24T18:02:25.872789+00:00,2008-10-10T13:13:25.715646+00:00,hg
treepo,divia,,2902,2012-06-24T18:02:26.723250+00:00,2008-10-11T01:53:36.854801+00:00,hg
hgdeps,gabrielg,,35566,2012-06-24T18:02:28.470048+00:00,2008-10-12T05:20:52.999605+00:00,hg
webcolors,ubernostrum,,60317,2012-02-10T14:02:10.348190+00:00,2008-10-12T07:51:54.620200+00:00,hg
kai,blaflamme,,10539964,2013-03-04T01:07:46.852111+00:00,2008-10-12T22:28:38.353308+00:00,hg
sqlalchemy_elixir_validations,radaczynski,,20108,2012-06-24T18:02:29.040874+00:00,2008-10-13T09:59:14.803035+00:00,hg
mercurial-trac-hook,madssj,,27810,2012-12-06T07:25:26.875877+00:00,2008-10-13T15:12:03.059394+00:00,hg
FSJProductivity,knepley,,21875,2012-06-24T18:02:31.128329+00:00,2008-10-13T18:33:02.384253+00:00,hg
onlineeditor,kucici,,617998,2012-06-24T18:17:01.983813+00:00,2008-10-14T06:53:45.646925+00:00,hg
xns-wicket-grid,mecolin,,3124,2012-06-24T18:17:02.669631+00:00,2008-10-14T09:37:23.454690+00:00,hg
lc,synn,,44144,2012-06-24T18:17:03.245370+00:00,2008-10-14T12:34:37.371065+00:00,hg
cell,synn,,5499,2012-06-24T18:17:03.824367+00:00,2008-10-14T12:42:39.041241+00:00,hg
lifegame,synn,,29758,2012-06-24T18:17:04.469041+00:00,2008-10-14T12:43:22.923570+00:00,hg
hfunai,hfunai,,947723,2012-06-24T18:17:06.301972+00:00,2008-10-14T12:43:30.660416+00:00,hg
pycaca,xho5,,14166,2011-09-17T08:54:08.662782+00:00,2008-10-14T14:26:14.489607+00:00,hg
cornice,agriggio,,334344,2012-06-24T18:17:08.164993+00:00,2008-10-14T14:39:20.177562+00:00,hg
1995mustang,vortechsc,,3120,2012-06-24T18:17:08.723821+00:00,2008-10-14T16:14:50.336536+00:00,hg
nothing,dfinch,,3038,2012-06-24T18:17:09.175453+00:00,2008-10-14T19:34:05.118498+00:00,hg
weblocks-yarek-20081014,yarek,,2142444,2011-09-16T22:51:50.384633+00:00,2008-10-14T23:43:42.993990+00:00,hg
my-example,mattn,,7065,2012-06-24T18:17:12.232428+00:00,2008-10-15T08:37:01.825298+00:00,hg
ciew,bluet,,37392,2012-06-24T18:17:21.260078+00:00,2008-10-15T18:06:34.237535+00:00,hg
demo,Silas,,62385,2012-06-24T18:17:22.780090+00:00,2008-10-16T05:14:47.957251+00:00,hg
tanto,tantojavascript,,3104,2012-06-24T18:17:23.263791+00:00,2008-10-16T06:26:45.281812+00:00,hg
schrod1D,certik,,538781,2012-06-24T18:17:23.833642+00:00,2008-10-16T06:46:14.894803+00:00,hg
rabbitmq-server,mirror,,23781332,2014-02-13T16:45:14.723918+00:00,2008-10-16T10:15:29.045592+00:00,hg
Pictures,Tarot,,3090,2012-06-24T18:17:24.377052+00:00,2008-10-16T13:47:56.976734+00:00,hg
weblocks-stable,skypher,,2624356,2011-09-16T22:51:50.060972+00:00,2008-10-16T14:51:20.127735+00:00,hg
candiwi,mbarkhau,,1664725,2011-09-16T08:20:58.875041+00:00,2008-10-16T19:53:17.089576+00:00,hg
metascore,Qbit,,152555,2011-09-16T08:20:58.916580+00:00,2008-10-16T19:57:09.113351+00:00,hg
djangofr,djangofr,,23924810,2014-01-08T10:46:28.708137+00:00,2008-10-16T20:55:46.384046+00:00,hg
xnj-validation,mecolin,,56500,2012-06-24T18:17:49.631490+00:00,2008-10-16T21:41:37.331160+00:00,hg
colloquy_to_IRClog,boredzo,,5110,2012-06-24T18:18:03.975595+00:00,2008-10-17T04:34:13.326039+00:00,hg
Pranith,pranith,,980574,2011-09-17T03:16:05.508852+00:00,2008-10-17T07:09:09.395326+00:00,hg
wxglade-dist-scripts,agriggio,,326914,2012-06-24T18:18:04.559165+00:00,2008-10-17T09:04:05.026673+00:00,hg
fedora-kde-artwork,jreznik,,2580181,2012-06-24T18:18:08.454742+00:00,2008-10-17T15:09:42.493464+00:00,hg
shap,qebab,,27982,2011-09-17T03:05:37.418825+00:00,2008-10-18T17:56:12.884396+00:00,hg
Xronos,stefanrusek,,10166039,2012-06-24T18:18:24.612341+00:00,2008-10-18T20:42:14.205572+00:00,hg
shap,realcore,,35884,2011-09-17T03:05:37.406074+00:00,2008-10-18T20:53:19.184304+00:00,hg
mercurial/crew/tonfa,bboissin,,21767617,2011-09-08T21:10:19.194172+00:00,2008-10-18T23:41:10.180922+00:00,hg
hgextensions,qebab,,17567,2012-06-24T18:18:25.865126+00:00,2008-10-19T01:54:09.550397+00:00,hg
ProjectEuler,iElectric,,12271,2012-06-24T18:18:26.408348+00:00,2008-10-19T10:31:51.986824+00:00,hg
scalaparsers,mohbana,,323830,2012-06-24T18:18:30.456645+00:00,2008-10-19T13:12:17.252341+00:00,hg
Counterspam-ff,FernandoVezzosi,,32908,2012-06-24T18:18:31.332145+00:00,2008-10-19T19:37:33.517729+00:00,hg
moo-poelzi,poelzi,,14173614,2012-06-24T18:18:42.964371+00:00,2008-10-20T00:39:09.309926+00:00,hg
ggap,muntyan,,3640231,2012-10-30T05:54:26.276298+00:00,2008-10-20T04:56:43.838816+00:00,hg
Collective Intelligence,utano,,3146,2012-06-24T18:18:50.234761+00:00,2008-10-20T06:27:53.673635+00:00,hg
livedoor Wiki,repeatedly,,837193,2012-08-28T10:30:07.942091+00:00,2008-10-20T13:06:36.849040+00:00,hg
lifedo,pelletier,,1340090,2012-06-24T18:18:57.942893+00:00,2008-10-20T14:15:55.114796+00:00,hg
liverpool,bufu,,3093,2012-06-24T18:18:59.920572+00:00,2008-10-21T01:38:44.801120+00:00,hg
elephant,skypher,,3098,2012-06-24T18:19:00.377400+00:00,2008-10-21T07:41:37.832849+00:00,hg
forum,Wgaffa,,296226,2011-09-17T03:46:37.003002+00:00,2008-10-21T08:00:42.108110+00:00,hg
hello,ccordoba12,,6010,2012-06-24T18:19:03.550998+00:00,2008-10-21T18:25:20.551752+00:00,hg
Alex.Tools,alexscordellis,,1539050,2012-06-24T18:19:04.776363+00:00,2008-10-21T22:24:19.327545+00:00,hg
bashrc,metaperl,,5419,2012-06-24T18:19:13.267073+00:00,2008-10-22T09:16:35.367424+00:00,hg
hg-hacks,szczepiq,,3103,2012-06-24T18:19:15.137984+00:00,2008-10-22T12:55:39.525034+00:00,hg
prefix-overlay,ursm,,52427,2011-09-17T07:43:57.680536+00:00,2008-10-22T14:55:09.452734+00:00,hg
niche-jsx,spiralhead,,743977,2012-06-24T18:19:17.154674+00:00,2008-10-22T15:57:00.238783+00:00,hg
pegboard,jek,,139771,2013-06-05T16:30:38.161535+00:00,2008-10-22T16:36:38.573558+00:00,hg
spath,jpbarrette,,3094,2012-06-24T18:19:21.869573+00:00,2008-10-23T01:41:32.795035+00:00,hg
glare,buge,,445336,2012-06-24T18:19:25.323179+00:00,2008-10-23T12:31:11.366646+00:00,hg
auv,mcrobotics,,4086,2012-06-24T18:19:25.796021+00:00,2008-10-23T12:50:35.207146+00:00,hg
parse-omimports,metaperl,,3125,2012-06-24T18:19:26.236246+00:00,2008-10-23T14:49:12.255710+00:00,hg
robo,joel,,3076,2012-06-24T18:19:26.970127+00:00,2008-10-23T21:52:55.405351+00:00,hg
r,otomotion,,1676792,2012-06-24T18:19:27.668657+00:00,2008-10-23T21:53:52.903913+00:00,hg
pantherdazz,pantherdazz,,3112,2012-06-24T18:19:28.095934+00:00,2008-10-24T00:09:03.735349+00:00,hg
descend empties,Ry4an,,9997,2012-06-24T18:19:28.529110+00:00,2008-10-24T04:12:43.617811+00:00,hg
tvscrap,enlavin,,218750,2013-07-22T21:53:49.052002+00:00,2008-10-24T09:19:26.901557+00:00,hg
ffstats,sacker,,433840,2012-06-24T18:19:30.374409+00:00,2008-10-24T12:02:34.872327+00:00,hg
transmission_supervisor,blueluna,,56699,2011-09-17T04:11:46.712048+00:00,2008-10-24T19:11:42.212941+00:00,hg
haskbot,Moebus,,14727,2012-06-24T18:19:50.514048+00:00,2008-10-24T21:51:13.013176+00:00,hg
DelSys_EMG_Tools,mbsullivan,,114068,2012-06-24T18:19:53.270954+00:00,2008-10-24T22:46:02.620599+00:00,hg
Robin's Fork,rlpowell,,1708975,2011-09-16T22:51:50.146628+00:00,2008-10-25T01:31:35.782889+00:00,hg
aarddict,itkach,,12704305,2012-06-24T18:20:03.156616+00:00,2008-10-25T04:11:35.766565+00:00,hg
aardtools,itkach,,3554465,2011-09-17T08:00:40.665646+00:00,2008-10-25T04:15:46.716608+00:00,hg
Hadopi,bboissin,,438936,2012-06-24T18:20:10.348537+00:00,2008-10-25T11:19:31.563347+00:00,hg
hgforest-crew,pmezard,,111313,2011-09-17T06:31:56.888837+00:00,2008-10-25T13:07:43.227083+00:00,hg
fabetris,fabe,c++,2076273,2014-02-05T20:35:37.728540+00:00,2008-10-25T16:27:44.655117+00:00,hg
drupal6-old,k4ml,,8850774,2012-06-24T18:20:31.250920+00:00,2008-10-26T03:46:44.968703+00:00,hg
django-oauth,david,,117435,2011-09-16T23:19:27.600669+00:00,2008-10-26T10:38:32.420501+00:00,hg
mercurial,mirror,,67196661,2014-07-15T06:00:13.209995+00:00,2008-10-26T10:46:24.253933+00:00,hg
django-storages,david,python,504306,2014-07-13T09:55:56.137540+00:00,2008-10-26T10:52:36.929863+00:00,hg
django-portablecontacts,david,,67321,2012-06-24T18:20:38.135150+00:00,2008-10-26T12:26:13.054603+00:00,hg
oauth,mirror,,36162041,2011-09-30T01:07:17.313160+00:00,2008-10-26T13:00:55.999847+00:00,hg
PGame,tonyzale,,33152,2012-06-24T18:20:39.364245+00:00,2008-10-26T14:29:15.305000+00:00,hg
giag,comete,python,803320,2013-09-15T09:12:57.257690+00:00,2008-10-26T20:05:44.774628+00:00,hg
Presentations,aterrel,,41883680,2013-09-23T16:02:37.907532+00:00,2008-10-26T20:31:33.262683+00:00,hg
hg-chart-extension,Ry4an,,18773,2012-02-10T05:07:01.928576+00:00,2008-10-27T03:45:33.803599+00:00,hg
hourstrackerrb,danramteke,,122339,2012-06-24T18:20:42.284335+00:00,2008-10-27T05:13:09.841542+00:00,hg
test,Roshan,,8825142,2012-06-24T18:20:44.769295+00:00,2008-10-27T07:19:33.534390+00:00,hg
BBComposer,nfroidure,,1434222,2012-06-24T18:20:50.130240+00:00,2008-10-27T08:49:24.739099+00:00,hg
dolfin-nonNewtonian,aterrel,,17177027,2012-06-24T18:20:55.042726+00:00,2008-10-27T10:20:17.016218+00:00,hg
LIME,pjotr,,7903212,2012-06-24T18:21:04.767809+00:00,2008-10-27T13:03:35.385683+00:00,hg
setup-prefix,ursm,,6217,2012-06-24T18:21:06.201133+00:00,2008-10-27T14:08:40.024547+00:00,hg
Czech translation for IPB,TomasLinhart,,505376,2012-03-10T11:10:06.059304+00:00,2008-10-27T16:25:49.499939+00:00,hg
wl-goodies,buzztaiki,,35381,2012-06-24T18:21:06.716825+00:00,2008-10-27T18:09:16.601115+00:00,hg
bb-ciavc,jek,,7289,2012-06-24T18:21:07.616357+00:00,2008-10-27T19:58:44.204206+00:00,hg
mercurial/crew/tonfa/http,bboissin,,12197168,2011-09-08T21:10:19.069477+00:00,2008-10-27T20:16:35.009792+00:00,hg
lakeonaz,jeffbowman,,766482,2012-06-24T18:21:08.552760+00:00,2008-10-28T03:42:52.810637+00:00,hg
webpy-tutorial,metaperl,,4827,2012-06-24T18:21:09.132469+00:00,2008-10-28T04:40:36.707365+00:00,hg
translate,fuse,,9755,2012-06-24T18:21:09.729582+00:00,2008-10-28T13:49:18.914708+00:00,hg
grandtrunk,klossalex,,12733,2012-06-24T18:21:10.263029+00:00,2008-10-28T13:56:04.771993+00:00,hg
Acts_as_nice_url,Bounga,ruby,34477,2012-06-24T18:21:11.034841+00:00,2008-10-28T14:23:39+00:00,hg
oxm-stream,gdefacci,,3053,2012-06-24T18:21:11.469593+00:00,2008-10-28T15:59:43.070000+00:00,hg
Renamer,Bounga,ruby,67994,2012-06-24T18:21:12.265863+00:00,2008-10-28T16:02:24.418335+00:00,hg
Config Files,Bounga,shell,122241,2014-03-21T09:04:57.959235+00:00,2008-10-28T16:27:44.491837+00:00,hg
Docs,Bounga,,4496698,2012-06-24T18:21:14.222953+00:00,2008-10-28T16:40:00.351344+00:00,hg
Flash Helper,Bounga,ruby,71975,2012-08-17T13:13:24.219855+00:00,2008-10-28T16:57:19.991514+00:00,hg
Patches,Bounga,,9908,2012-06-24T18:21:15.611619+00:00,2008-10-28T17:15:17.249380+00:00,hg
Scripts,Bounga,,26944,2011-09-17T06:01:09.644972+00:00,2008-10-28T17:22:36.057201+00:00,hg
fn,fengb,,134110,2012-06-24T18:21:19.709208+00:00,2008-10-28T20:19:00.958013+00:00,hg
fg,PEEM1,,3074,2012-06-24T18:21:20.301380+00:00,2008-10-29T00:45:13.145661+00:00,hg
m mg ,PEEM1,,3088,2012-06-24T18:21:20.727463+00:00,2008-10-29T00:51:39.729396+00:00,hg
Error Lookup Tool,boredzo,,28896,2012-06-24T18:21:21.249590+00:00,2008-10-29T05:41:15.288425+00:00,hg
clipath,sanxiyn,,4220,2012-06-24T18:21:21.817821+00:00,2008-10-29T07:14:07.779611+00:00,hg
Test,koliksoftware,,3099,2012-06-24T18:21:40.097614+00:00,2008-10-29T11:09:50.571419+00:00,hg
flashing_middleware,zepolen,,6199,2012-06-24T18:21:47.473394+00:00,2008-10-29T20:50:13.245985+00:00,hg
scalaparsers,mbana,,1077100,2012-06-24T18:21:50.601146+00:00,2008-10-29T21:01:22.274920+00:00,hg
Fatal Wounds,chaosdragon07,,3133,2012-06-24T18:21:51.454822+00:00,2008-10-29T22:10:35.595875+00:00,hg
lambdooz,fengb,,45517,2012-06-24T18:21:52.108962+00:00,2008-10-30T01:29:25.093152+00:00,hg
agro,camflan,,45457,2012-06-24T18:22:02.429142+00:00,2008-10-30T06:02:07.849292+00:00,hg
LIME-GUI,mazaninfardi,,3112,2012-06-24T18:22:02.859958+00:00,2008-10-30T08:38:05.588018+00:00,hg
LIME-Eclipse,mazaninfardi,,1146318,2012-06-30T21:05:49.278316+00:00,2008-10-30T08:41:28.293946+00:00,hg
Atheneum,xkenneth,,6128,2012-06-24T18:22:08.903052+00:00,2008-10-30T17:09:54.820047+00:00,hg
KGen,nfroidure,,122490,2012-06-24T18:22:28.339209+00:00,2008-10-31T08:00:18.168719+00:00,hg
Clojure-spec,BestFriendChris,,44594,2012-06-24T18:22:29.047435+00:00,2008-10-31T08:16:56.944408+00:00,hg
recursivator,sandos,,9564,2012-06-24T18:22:29.674781+00:00,2008-10-31T10:46:10.558774+00:00,hg
monthcalendartoplist,daks,,10428,2012-06-24T18:22:30.171345+00:00,2008-10-31T11:51:49.264566+00:00,hg
Public,sanjay_kumbhar,,3110,2012-06-24T18:22:30.935727+00:00,2008-10-31T13:33:16.818673+00:00,hg
xenmonit,daks,,7767,2012-06-24T18:22:31.649346+00:00,2008-10-31T13:35:29.966101+00:00,hg
dist_webbshop,mazzer,,66734,2012-06-24T18:22:32.863539+00:00,2008-10-31T16:57:27.644980+00:00,hg
Watch my site,tuxella,,3117,2012-06-24T18:22:33.380623+00:00,2008-10-31T19:53:52.893135+00:00,hg
hgchart,mg,,315582,2013-07-25T09:01:39.931556+00:00,2008-10-31T20:07:57.166303+00:00,hg
dvd-shelf,Moebus,,78219,2012-06-24T18:22:33.972376+00:00,2008-10-31T20:50:22.541241+00:00,hg
aHg,agriggio,,244092,2014-08-18T08:30:38.107058+00:00,2008-11-01T13:09:52.316016+00:00,hg
iBank Reports,alt_mattr,,4663,2012-06-24T18:22:35.300563+00:00,2008-11-01T17:56:47.094740+00:00,hg
siam,Phlogistique,,33431,2012-06-24T18:23:12.406922+00:00,2008-11-02T14:16:37.952903+00:00,hg
sphinx,birkenfeld,python,35431896,2014-09-17T12:14:18.010030+00:00,2008-11-02T19:24:00.152024+00:00,hg
gepnet,Sogartar,,86867,2011-09-17T08:59:31.562271+00:00,2008-11-03T09:13:06.269758+00:00,hg
test,n1k0,,3737,2012-06-24T18:23:13.838512+00:00,2008-11-03T09:29:16.568737+00:00,hg
my,kokosabu,,30820,2012-06-24T18:23:14.865033+00:00,2008-11-03T12:59:41.743573+00:00,hg
sphinx-autosummary,percious,,5870510,2012-06-24T18:23:25.563789+00:00,2008-11-03T23:29:55.469292+00:00,hg
kestrel-forth,kc5tja,,55819,2012-06-24T18:23:27.105046+00:00,2008-11-03T23:43:10.605960+00:00,hg
Growl Version Detective,boredzo,,161055,2012-06-24T18:23:27.868728+00:00,2008-11-03T23:48:51.512881+00:00,hg
kestrel-emu,kc5tja,,49430,2012-06-24T18:23:28.656667+00:00,2008-11-04T00:00:41.730123+00:00,hg
lib65816,kc5tja,,48100,2012-06-24T18:23:29.220147+00:00,2008-11-04T00:04:25.232363+00:00,hg
tonfa/sphinx,bboissin,,6663085,2011-09-17T07:18:51.033918+00:00,2008-11-04T01:31:17.003298+00:00,hg
jphpunit,doubleface,,241717,2012-06-24T18:24:20.641587+00:00,2008-11-04T06:23:37.589102+00:00,hg
DelphiXMLTest,tooooooby,,1209850,2012-06-24T18:24:33.531262+00:00,2008-11-04T09:00:34.511685+00:00,hg
orf08moxa,shokai,,21429,2012-06-24T18:24:34.115390+00:00,2008-11-04T09:59:00.595152+00:00,hg
byron,jlg,python,50055,2013-02-24T00:56:42.542313+00:00,2008-11-04T13:20:11.397436+00:00,hg
misc,suhara,,3028,2012-06-24T18:24:48.325619+00:00,2008-11-04T16:55:07.856085+00:00,hg
Spip Typo,nfroidure,,53568,2012-06-24T18:24:49.236262+00:00,2008-11-04T17:29:13.706158+00:00,hg
QtCaml,ninoo,,6488,2012-06-24T18:24:49.875898+00:00,2008-11-04T18:24:15.086523+00:00,hg
redick,metaperl,,820476,2012-06-24T18:24:52.755065+00:00,2008-11-04T20:22:36.846332+00:00,hg
raste,ahoka,,185053,2011-09-17T04:47:39.510107+00:00,2008-11-04T22:48:48.281521+00:00,hg
win-django,johzan,,3106,2012-06-24T18:24:53.837657+00:00,2008-11-05T00:39:57.296335+00:00,hg
ValaCV,StefanZimmermann,,14443,2012-06-24T18:24:54.683478+00:00,2008-11-05T12:17:31.218163+00:00,hg
sandbox,DaveBaum,,4830,2011-09-17T08:48:25.744617+00:00,2008-11-05T20:20:52.591610+00:00,hg
sandbox2,DaveBaum,,4126,2011-09-17T08:48:25.764095+00:00,2008-11-05T20:24:20.876574+00:00,hg
authorize,adroll,,113348,2011-09-17T00:38:36.567708+00:00,2008-11-06T01:03:27.090605+00:00,hg
Test,leachim6,,4161,2012-06-24T18:25:16.132203+00:00,2008-11-06T01:05:30.095065+00:00,hg
ali'srepo,alipa,,3094,2012-06-24T18:25:16.588195+00:00,2008-11-06T01:06:20.162144+00:00,hg
dotfiles,number5,,63239,2012-06-24T18:25:20.082015+00:00,2008-11-06T05:37:14.062506+00:00,hg
MD ESW 2009,ArneBab,,41837,2012-06-24T18:25:20.642829+00:00,2008-11-06T09:46:56.233904+00:00,hg
CellML models workspace 1,planuto,,23043,2012-06-24T18:25:21.110628+00:00,2008-11-06T10:05:45.681434+00:00,hg
weblocks-site,skypher,,438302,2012-06-24T18:25:22.408545+00:00,2008-11-06T10:20:38.199918+00:00,hg
niche-hgutil,spiralhead,,119251,2012-06-24T18:25:25.277344+00:00,2008-11-07T00:05:28.183904+00:00,hg
picason,kucici,,403395,2012-06-24T18:25:27.099539+00:00,2008-11-07T00:54:01.180146+00:00,hg
afly,franticlion,,3092,2012-06-24T18:25:27.523494+00:00,2008-11-07T06:19:06.165653+00:00,hg
O3EasyXMLForDelphi,tooooooby,,2878482,2012-06-24T18:25:28.378083+00:00,2008-11-07T09:39:18.699247+00:00,hg
getlooks,darvid,,9769,2013-03-02T17:02:38.048065+00:00,2008-11-07T17:10:50.664351+00:00,hg
quickcheck,stepancheg,,182290,2012-06-24T18:25:31.465619+00:00,2008-11-07T18:37:05.749500+00:00,hg
depot,false,,1957806,2012-06-24T18:25:39.282050+00:00,2008-11-07T20:46:05.798561+00:00,hg
bramd.nl,bram,,37606,2012-06-24T18:25:41.719724+00:00,2008-11-08T00:57:41.599246+00:00,hg
django-tiles,springmeyer,,6600683,2012-06-24T18:25:42.983334+00:00,2008-11-08T06:16:05.505193+00:00,hg
weblocks-modern-dispatching,S11001001,,1853511,2012-06-24T18:25:56.790633+00:00,2008-11-08T16:26:02.141058+00:00,hg
dojo-integrated-docs,wolframkriesing,,75698332,2012-06-24T18:27:19.399529+00:00,2008-11-08T18:19:01.755798+00:00,hg
Python 3 Patterns & Idioms,BruceEckel,,14228600,2012-06-24T17:26:24.462416+00:00,2008-11-08T21:41:48.481341+00:00,hg
emacs.d,shoover,,15883847,2014-09-17T14:16:41.265323+00:00,2008-11-08T22:34:27.656753+00:00,hg
p3pdevel,yarko,,12986442,2011-09-16T23:17:03.748166+00:00,2008-11-09T01:31:38.833729+00:00,hg
ruffy-ng,martinbrandenburg,,11615,2012-06-24T18:27:33.447099+00:00,2008-11-09T07:06:36.894681+00:00,hg
Modulargaming,mystix,,3114,2012-06-24T18:27:34.223252+00:00,2008-11-09T09:19:53.364469+00:00,hg
p3pi-dev,zacherates,,2601820,2011-09-16T23:17:03.714502+00:00,2008-11-09T14:59:29.540461+00:00,hg
various,bgulanowski,,164067,2011-09-12T02:58:37.018352+00:00,2008-11-09T15:40:54.053650+00:00,hg
branchline,bgulanowski,,402985,2012-06-24T18:27:36.066296+00:00,2008-11-09T16:08:09.326849+00:00,hg
jwa_fedora,mediashelf,,15320401,2011-09-17T08:48:17.944365+00:00,2008-11-09T17:14:48.226382+00:00,hg
ruby_fedora,mediashelf,,1250971,2012-06-24T18:27:38.085226+00:00,2008-11-09T17:49:03.651474+00:00,hg
django-roa,david,,602615,2014-08-22T14:49:24.074989+00:00,2008-11-09T18:49:32.399982+00:00,hg
community,mazzer,,73459,2012-06-24T18:27:39.258760+00:00,2008-11-09T22:01:19.739221+00:00,hg
overlay,ursm,,32146,2012-06-24T18:27:40.226472+00:00,2008-11-10T00:50:09.785404+00:00,hg
ceg4183,zacherates,,1089709,2011-09-17T08:36:11.128817+00:00,2008-11-10T02:03:53.715216+00:00,hg
comofas,pvalente,,106805,2011-09-17T03:13:41.625853+00:00,2008-11-10T11:02:30.509996+00:00,hg
VMKit,danchr,,5257147,2012-06-24T18:27:49.406914+00:00,2008-11-10T11:48:28.724354+00:00,hg
Ravaj,ninoo,,16766,2012-06-24T18:27:58.092011+00:00,2008-11-10T18:23:42.382698+00:00,hg
Kisen,djfroofy,,530420,2012-06-24T18:27:59.611716+00:00,2008-11-10T18:32:44.001746+00:00,hg
weblocks-dev-modern-dispatching-yarek,yarek,,1853082,2012-06-24T18:28:04.094156+00:00,2008-11-10T19:05:09.149766+00:00,hg
ceg4183-devel,foobar,,883541,2011-09-17T08:36:11.151675+00:00,2008-11-10T19:48:14.844696+00:00,hg
youtube popper,dubayou,,3120,2012-06-24T18:28:05.699546+00:00,2008-11-11T01:55:04.650653+00:00,hg
texas-project,qebab,,565279,2012-06-24T18:28:06.288321+00:00,2008-11-11T06:45:19.981017+00:00,hg
testforme,takashyx,,3104,2012-06-24T18:28:06.737732+00:00,2008-11-11T08:33:53.525698+00:00,hg
og.lab,ogrisel,,380924,2012-06-24T18:28:08.018420+00:00,2008-11-11T12:00:46.373886+00:00,hg
curlpp-directory-changes,jpbarrette,,643062,2011-09-17T01:24:58.126970+00:00,2008-11-11T13:16:19.463137+00:00,hg
sealed_ptr,arche,,8673,2012-06-24T18:28:09.475699+00:00,2008-11-11T15:21:27.319474+00:00,hg
HTML_Template_IT2,mmarques,,20709,2012-06-24T18:28:10.038116+00:00,2008-11-11T17:43:45.911970+00:00,hg
referencer,kaiw,,7225700,2012-06-24T18:28:24.059646+00:00,2008-11-11T19:14:16.840533+00:00,hg
gumby,ogrisel,,2311465,2012-06-24T18:28:26.333566+00:00,2008-11-11T22:46:35.712544+00:00,hg
wtf...,sl0,,3076,2012-06-24T18:28:26.780410+00:00,2008-11-12T00:25:03.127480+00:00,hg
jet,mfichman,,128718538,2012-06-24T18:29:07.897400+00:00,2008-11-12T05:14:34.036752+00:00,hg
SageTeX,ddrake,,355138,2014-03-08T20:09:50.322422+00:00,2008-11-12T10:31:16.458370+00:00,hg
ggsiam,Phlogistique,,49630,2012-06-24T18:29:19.661306+00:00,2008-11-12T13:27:30.362179+00:00,hg
DotOutlineTree,shu,,64279,2012-07-25T03:33:21.982945+00:00,2008-11-12T13:34:32.746048+00:00,hg
usergroups,brodie,python,6392,2012-06-24T18:29:20.212114+00:00,2008-11-12T14:03:59.134169+00:00,hg
reposettings,brodie,python,17637,2011-09-08T05:13:13.450719+00:00,2008-11-12T14:05:17.278283+00:00,hg
codegen,rabbitmq,,69283,2011-09-17T07:43:19.981012+00:00,2008-11-12T14:57:47.258537+00:00,hg
dotnet-client,rabbitmq,,11986321,2011-09-17T07:51:20.492317+00:00,2008-11-12T14:58:05.155532+00:00,hg
erlang-client,rabbitmq,,916586,2011-09-17T07:48:24.984767+00:00,2008-11-12T14:58:27.263018+00:00,hg
http2,rabbitmq,,104101,2012-06-24T18:29:21.004049+00:00,2008-11-12T14:59:01.552780+00:00,hg
java-client,rabbitmq,,1745002,2012-06-24T18:29:23.461893+00:00,2008-11-12T14:59:21.345405+00:00,hg
stomp,rabbitmq,,171907,2012-06-24T18:29:25.143899+00:00,2008-11-12T14:59:33.407186+00:00,hg
xmpp,rabbitmq,,239749,2012-06-24T18:29:26.069054+00:00,2008-11-12T14:59:59.577534+00:00,hg
Modeliner,shu,,6212,2012-06-24T18:29:26.604045+00:00,2008-11-12T15:24:56.471596+00:00,hg
WinSpinEdit,tokibito,delphi,10958,2013-09-03T07:41:24.375877+00:00,2008-11-12T16:25:16.517943+00:00,hg
python-twitter,saiyr,,511378,2011-09-17T03:07:54.200248+00:00,2008-11-12T20:59:51.667887+00:00,hg
dotsbcl,nunb,,7276599,2012-06-24T18:29:44.036000+00:00,2008-11-12T22:03:00.112414+00:00,hg
elisp and emacs,nunb,,5551919,2012-06-24T18:29:47.817363+00:00,2008-11-12T22:08:55.497666+00:00,hg
ETPy,darvid,,11748,2013-03-02T17:02:30.884888+00:00,2008-11-13T00:45:35.393739+00:00,hg
Haus,luke,,109628,2012-06-24T18:29:50.850946+00:00,2008-11-13T03:47:16.873520+00:00,hg
xaql,pelletier_michel,,46080,2012-06-24T18:29:51.637717+00:00,2008-11-13T05:07:56.240259+00:00,hg
pymq,Silas,,9317,2012-06-24T18:29:52.105257+00:00,2008-11-13T08:33:19.730336+00:00,hg
ppeg,pmoore,,129238,2012-06-24T18:29:52.628731+00:00,2008-11-13T08:40:21.903563+00:00,hg
tx-django-ctrochalakis,ctrochalakis,,4678352,2012-06-24T18:30:02.787766+00:00,2008-11-13T09:50:21.918485+00:00,hg
pida-ali-sphinxdocs,aafshar,,3588212,2011-09-17T03:11:38.296426+00:00,2008-11-13T13:11:27.347332+00:00,hg
LLVM,danchr,,458272296,2012-06-24T18:33:22.867900+00:00,2008-11-13T13:37:08.000109+00:00,hg
jquery-readystate3,MiCHiLU,,7366,2012-06-24T18:33:54.762530+00:00,2008-11-13T16:19:37.960157+00:00,hg
gazpacho-bugfix,aafshar,,791049,2011-09-17T03:30:01.049464+00:00,2008-11-13T16:23:37.296217+00:00,hg
ninsh,szktty,,3032,2012-06-24T18:33:55.210574+00:00,2008-11-13T19:08:24.038767+00:00,hg
nevede,vad,,743604,2012-06-24T18:33:58.621097+00:00,2008-11-13T19:43:04.924317+00:00,hg
FAS,knepley,,71958236,2012-06-24T18:34:02.424249+00:00,2008-11-13T20:41:24.944461+00:00,hg
Maqreader,bpb,,23732,2012-06-24T18:34:03.467285+00:00,2008-11-13T23:49:20.874276+00:00,hg
yesbut,undees,,2434961,2012-06-24T18:34:04.871571+00:00,2008-11-13T23:56:16.805709+00:00,hg
BWToolkit,bwalkin,,1605563,2011-09-16T22:31:13.371514+00:00,2008-11-13T23:56:20.838262+00:00,hg
autopager,brodie,python,21956,2012-06-24T18:34:05.534619+00:00,2008-11-14T03:42:13.182049+00:00,hg
dotfiles,brodie,,1368139,2013-07-20T07:59:11.825163+00:00,2008-11-14T03:47:30.233038+00:00,hg
CSI2372,DgtHorse,,59330,2012-06-24T18:34:08.264497+00:00,2008-11-14T05:07:49.728136+00:00,hg
vcs-library,jamesni,,36358,2012-06-24T18:34:08.887903+00:00,2008-11-14T05:13:15.595217+00:00,hg
playground,hyperboreean,,1634986,2012-06-24T18:34:10.151452+00:00,2008-11-14T12:36:11.432261+00:00,hg
euler,mg,,63836,2012-08-02T01:40:03.395565+00:00,2008-11-14T12:43:13.898305+00:00,hg
pida-screen-controller,guyzmo,,3435973,2011-09-17T03:11:38.425597+00:00,2008-11-14T14:29:32.459500+00:00,hg
Yampa BulletML,horaguchi,,41526,2012-06-24T18:34:13.628749+00:00,2008-11-14T14:31:46.404845+00:00,hg
IFM,zondo,,3039590,2013-10-18T10:01:34.966865+00:00,2008-11-14T14:59:01.364917+00:00,hg
Magigas,ideogroup,,3099,2012-06-24T18:34:17.982567+00:00,2008-11-14T15:11:05.711999+00:00,hg
languageforge,jgayle,,3113,2012-06-24T18:34:18.990443+00:00,2008-11-14T18:37:41.947161+00:00,hg
TrinityCore-2.4.3,KPsN,,33034530,2011-09-17T09:24:17.537864+00:00,2008-11-14T23:19:14.897722+00:00,hg
pythonwise,tebeka,,1836183,2014-08-21T05:57:49.225191+00:00,2008-11-15T01:10:44.991317+00:00,hg
impuestos,darkrho,,653296,2012-06-24T18:34:58.103284+00:00,2008-11-15T03:31:59.129410+00:00,hg
gnome-record-screen,mitsuhiko,,351652,2012-06-24T18:34:58.865816+00:00,2008-11-15T09:18:33.131951+00:00,hg
hgswitch,jespern,,5932,2011-09-17T03:26:50.864365+00:00,2008-11-15T15:33:33.825579+00:00,hg
aggregator-dev,zacherates,,173482,2012-06-24T18:35:00.519289+00:00,2008-11-15T18:12:08.445397+00:00,hg
OldNarrativeFixture,testingreflections,,2716404,2012-06-24T18:35:03.932068+00:00,2008-11-15T19:09:52.617377+00:00,hg
pyprof2calltree,ogrisel,,21139,2012-09-22T12:30:42.803006+00:00,2008-11-15T22:04:21.623349+00:00,hg
pida-poelzi-main,poelzi,,4675668,2011-09-17T03:11:38.404043+00:00,2008-11-16T02:57:05.986338+00:00,hg
dbs,fengb,,13552,2012-06-24T18:35:04.729556+00:00,2008-11-16T04:36:01.255804+00:00,hg
AdminLog,dragondz,,1933040,2011-09-17T03:09:20.650108+00:00,2008-11-16T08:14:42.956451+00:00,hg
Moman,jpbarrette,,263279,2011-12-24T22:55:39.740238+00:00,2008-11-16T18:48:54.696077+00:00,hg
MakeGrapher,jpbarrette,,72002,2012-06-24T18:35:07.269126+00:00,2008-11-16T18:50:01.124670+00:00,hg
Eph,codethief,,302480,2012-06-24T18:35:08.516243+00:00,2008-11-16T20:23:37.426263+00:00,hg
moco,sensei,,6250025,2012-06-24T18:35:09.645819+00:00,2008-11-16T23:39:29.511908+00:00,hg
rustycog,steve918,,2002232,2012-06-24T18:35:10.625105+00:00,2008-11-16T23:58:22.170925+00:00,hg
ltchinese,lost_theory,,165921,2012-06-24T18:35:11.232395+00:00,2008-11-17T01:38:57.416689+00:00,hg
Scala Enhancements,eengbrec,,136275416,2012-06-24T18:35:40.441406+00:00,2008-11-17T02:06:08.445102+00:00,hg
tvdb-bulk-update,davels,,63177,2012-06-24T18:35:45.132710+00:00,2008-11-17T07:02:02.797917+00:00,hg
pagseglib,lucmult,,32916,2012-06-24T18:35:45.781286+00:00,2008-11-17T12:19:42.911955+00:00,hg
Avatar,propwaun,,3092,2012-06-24T18:35:46.244206+00:00,2008-11-17T14:32:37.481590+00:00,hg
fui,mentallaxative,,38245,2012-06-24T18:35:48.094051+00:00,2008-11-17T14:52:34.953219+00:00,hg
TextMate Pocoo Paste,zenom,,4960,2012-06-24T18:35:48.576430+00:00,2008-11-17T15:27:53.537324+00:00,hg
streamtar,brodie,python,211617,2012-06-24T18:35:49.502562+00:00,2008-11-17T17:19:32.027115+00:00,hg
my repo,danros,,5003,2012-05-10T13:29:57.293179+00:00,2008-11-17T17:57:04.464818+00:00,hg
PickyWiki,ianb,,2996659,2012-06-24T18:35:57.541679+00:00,2008-11-17T18:02:10.469593+00:00,hg
eti_pg_waip,imbaczek,,856401,2012-06-24T18:35:59.990172+00:00,2008-11-17T19:17:05.276673+00:00,hg
squash,patcito,,160188,2012-06-22T22:26:29.313626+00:00,2008-11-17T22:56:09.440183+00:00,hg
cncOnline,hugomatic,,3106,2012-06-24T18:36:01.194079+00:00,2008-11-17T23:52:44.169441+00:00,hg
django-nag,jokull,,43287,2012-07-24T23:07:49.421655+00:00,2008-11-18T00:31:56.901437+00:00,hg
niche-bundle-jsx,spiralhead,,17416,2012-06-24T18:36:01.787399+00:00,2008-11-18T00:44:24.077189+00:00,hg
aolserver,aolserver,,7278501,2011-09-17T05:53:09.586316+00:00,2008-11-18T03:29:03.237833+00:00,hg
aolserver-4.0.x,aolserver,,6585524,2011-09-17T05:53:09.603397+00:00,2008-11-18T03:59:57.372817+00:00,hg
naviserver,naviserver,c,11786776,2014-09-08T14:43:17.707565+00:00,2008-11-18T04:25:34.447049+00:00,hg
DigDug,galfert,,3090,2012-06-24T18:36:02.667486+00:00,2008-11-18T07:11:31.700054+00:00,hg
Games and Movies,zacherates,,3136,2012-06-24T18:36:03.415462+00:00,2008-11-18T15:10:28.893523+00:00,hg
Sandbox,kik,,3759,2012-06-24T18:36:03.876441+00:00,2008-11-18T17:16:07.452141+00:00,hg
test,maletin,,8437,2012-06-24T18:36:04.424967+00:00,2008-11-18T18:41:12.046077+00:00,hg
son_of_blub,shawnh,,35288,2012-06-24T18:36:04.963291+00:00,2008-11-18T21:17:52.481466+00:00,hg
config_files,Silas,,67445,2012-06-24T18:36:05.576981+00:00,2008-11-18T23:23:22.431892+00:00,hg
lest just 1,captainmestereo,,3131,2012-06-24T18:36:06.006390+00:00,2008-11-19T00:52:51.333174+00:00,hg
japanese-mercurial-test,tooooooby,,15028,2012-06-24T18:36:07.622757+00:00,2008-11-19T03:20:24.562264+00:00,hg
django-feedreader,tghw,,325766,2012-03-09T02:11:01.906665+00:00,2008-11-19T03:48:02.179784+00:00,hg
Pylons Ukraine,patriotyk,,8573989,2013-03-04T01:32:56.506752+00:00,2008-11-19T08:35:39.389142+00:00,hg
PoolAlloc,danchr,,3165300,2012-06-24T18:36:10.114260+00:00,2008-11-19T11:33:09.634887+00:00,hg
weblocks-dev-svg,svg,,1974447,2011-09-16T22:51:50.022104+00:00,2008-11-19T13:30:39.554781+00:00,hg
M4RI,malb,c,1589235,2014-09-13T20:30:18.266508+00:00,2008-11-19T17:54:56.858388+00:00,hg
v4l-dvb-isdb,kik,,22710315,2012-06-24T18:36:19.812476+00:00,2008-11-19T18:05:29.309642+00:00,hg
RadarDish,ddribin,,3101,2012-06-24T18:36:21.409396+00:00,2008-11-19T18:07:20.536248+00:00,hg
images,williamhsman,,503,2012-06-24T18:36:21.776068+00:00,2008-11-19T18:26:30.070720+00:00,hg
Splash5.11,rixlumb,,3107,2012-06-24T18:36:23.412114+00:00,2008-11-19T20:16:51.729732+00:00,hg
splash images,rixlumb,,3115,2012-06-24T18:36:23.790179+00:00,2008-11-19T20:18:38.853955+00:00,hg
ceg4183_lab4,Peilos,,269708,2011-09-17T03:12:58.055017+00:00,2008-11-19T23:37:30.810330+00:00,hg
ruby-light-template,tooooooby,,3141,2012-06-24T18:36:25.879884+00:00,2008-11-20T00:50:06.354870+00:00,hg
ElminWoW,Elminster,,27126751,2012-06-24T18:39:08.323074+00:00,2008-11-20T11:29:51.427144+00:00,hg
LLVM GCC,danchr,,107353437,2012-06-24T18:41:34.058438+00:00,2008-11-20T11:30:56.376593+00:00,hg
lib_delphi,tokibito,,12894,2012-06-24T18:42:00.210841+00:00,2008-11-20T12:13:04.608134+00:00,hg
Emacs,danchr,,322516956,2012-06-24T18:42:43.999848+00:00,2008-11-20T14:05:38.010984+00:00,hg
simulator,egi,,26411,2012-06-24T18:42:49.192641+00:00,2008-11-20T18:26:04.142280+00:00,hg
solmujeres,mariocesar,,6869143,2012-06-24T18:43:12.491005+00:00,2008-11-20T19:31:26.350242+00:00,hg
niche-probe,spiralhead,,62206,2012-06-24T18:43:16.406584+00:00,2008-11-20T20:08:44.188833+00:00,hg
Green Tea,DeadWisdom,,331500,2011-09-17T07:05:20.306462+00:00,2008-11-20T20:16:08.960613+00:00,hg
django-invitation,david,,62142,2011-09-17T02:36:35.574126+00:00,2008-11-20T20:57:54.976811+00:00,hg
nsdbi,naviserver,c,627730,2014-02-17T13:36:55.824082+00:00,2008-11-20T23:55:37.552582+00:00,hg
nsdbipg,naviserver,,69338,2014-05-02T09:48:57.253194+00:00,2008-11-21T00:15:34.371413+00:00,hg
nsdbilite,naviserver,,19994,2012-06-24T18:43:19.025082+00:00,2008-11-21T00:24:12.689841+00:00,hg
nsdbimy,naviserver,,28193,2012-06-24T18:43:19.558298+00:00,2008-11-21T00:53:59.804710+00:00,hg
biobike,mt,,81957156,2012-06-24T18:43:34.466094+00:00,2008-11-21T02:05:28.767758+00:00,hg
etc,loppear,,513397,2014-08-18T16:51:07.116107+00:00,2008-11-21T02:46:58.563628+00:00,hg
nspostgres,aolserver,,87328,2011-09-17T07:48:18.519901+00:00,2008-11-21T02:49:36.964858+00:00,hg
nsdbpg,naviserver,c,167385,2014-05-12T13:40:39.508800+00:00,2008-11-21T03:22:08.759530+00:00,hg
translator,egi,,35798,2012-06-24T18:43:36.939559+00:00,2008-11-21T03:55:50.760905+00:00,hg
compiler,egi,,177569,2012-06-24T18:43:37.670969+00:00,2008-11-21T04:08:35.787317+00:00,hg
manual,egi,,9943,2012-06-24T18:43:38.485129+00:00,2008-11-21T06:30:48.486618+00:00,hg
cpu,egi,,21889,2012-06-24T18:43:38.986523+00:00,2008-11-21T07:20:26.040691+00:00,hg
mcu,egi,,40411,2012-06-24T18:43:39.619528+00:00,2008-11-21T08:10:45.180102+00:00,hg
asm-test,egi,,9591,2012-06-24T18:43:40.182019+00:00,2008-11-21T08:20:55.650249+00:00,hg
assembler,egi,,18346,2012-06-24T18:43:40.636939+00:00,2008-11-21T09:07:22.970649+00:00,hg
ldaptool,buge,,138091,2012-06-24T18:43:41.490582+00:00,2008-11-21T09:25:30.617313+00:00,hg
shoutbox,mohlendo,,501,2012-06-24T18:43:42.216112+00:00,2008-11-21T10:06:15.518953+00:00,hg
bit-test,egi,,563780,2012-06-24T18:43:43.021735+00:00,2008-11-21T10:48:02.635304+00:00,hg
Clang,danchr,c++,459862125,2012-06-24T18:52:11.713904+00:00,2008-11-21T13:17:11.603872+00:00,hg
hello,kuenishi,,1892113,2014-01-04T06:02:51.225555+00:00,2008-11-21T14:29:38.576711+00:00,hg
paperget,shokai,,10204,2012-06-24T18:53:45.131032+00:00,2008-11-21T15:00:21.371704+00:00,hg
crecord,edgimar,python,397973,2014-06-26T15:06:47.602436+00:00,2008-11-21T16:38:30.188749+00:00,hg
dumblang,holmak,,11176,2012-06-24T18:53:45.567648+00:00,2008-11-21T16:47:52.778408+00:00,hg
sage-combinat,mhansen,,3115,2012-06-24T18:53:45.966152+00:00,2008-11-21T18:08:02.002123+00:00,hg
Soxz,Soxz,,3101,2012-06-24T18:53:47.093597+00:00,2008-11-21T21:37:30.150397+00:00,hg
keefband,holmak,,57454,2012-06-24T18:53:53.101047+00:00,2008-11-22T01:42:54.872826+00:00,hg
Postgres,jriha007,,3128,2012-06-24T18:53:53.534654+00:00,2008-11-22T02:46:39.807721+00:00,hg
Fey,hdp,,956602,2012-06-24T18:53:55.418981+00:00,2008-11-22T03:27:41.020455+00:00,hg
GVim-Qt,NorwegianRockCat,,504028,2012-06-24T18:53:57.160542+00:00,2008-11-22T10:48:53.206025+00:00,hg
scheme-library,egi,,50853,2012-06-24T18:53:57.676794+00:00,2008-11-22T13:25:17.567675+00:00,hg
BlogAdmin,alfredhall,,17687,2012-06-24T18:53:58.250005+00:00,2008-11-22T14:41:55.110616+00:00,hg
a,arkangell86,,3110,2012-06-24T18:53:58.646629+00:00,2008-11-22T15:50:37.789099+00:00,hg
moo,greebsnarf,,3112,2012-06-24T18:53:58.981900+00:00,2008-11-22T16:26:20.168943+00:00,hg
javase,zihado,,9369,2012-06-24T18:53:59.572818+00:00,2008-11-22T16:51:51.247323+00:00,hg
flawless,drseven,,6932,2012-06-24T18:54:00.171818+00:00,2008-11-22T17:10:10.421842+00:00,hg
hgsubversion_ctypes,durin42,,165754,2012-06-24T18:54:00.641068+00:00,2008-11-22T17:53:59.237209+00:00,hg
AE Operation Center,flamedragon3,,624614,2012-06-24T18:54:02.933771+00:00,2008-11-22T20:34:56.623631+00:00,hg
bolts,stepancheg,,1548429,2014-09-17T13:19:28.591697+00:00,2008-11-22T20:55:30.348297+00:00,hg
mysql-diff,stepancheg,,964461,2012-06-24T18:54:04.730463+00:00,2008-11-22T20:59:02.467599+00:00,hg
hgview,bboissin,,355300,2012-06-24T18:54:06.302839+00:00,2008-11-23T00:40:41.405008+00:00,hg
Entropy & Ecstasy,zacherates,,3138,2012-06-24T18:54:06.750894+00:00,2008-11-23T02:04:59.282954+00:00,hg
code,jdhardy,,248270,2011-09-17T03:48:51.079416+00:00,2008-11-23T02:35:55.183100+00:00,hg
$ hg init,hackzoin,,3103,2012-06-24T18:54:10.511706+00:00,2008-11-23T03:24:36.242933+00:00,hg
$ hg pull -u # ,hackzoin,,3122,2012-06-24T18:54:10.863994+00:00,2008-11-23T03:35:28.031881+00:00,hg
KeyRemap4MacBook,kozo_ni,,3041,2012-06-24T18:54:11.208869+00:00,2008-11-23T07:09:53.356482+00:00,hg
blonk,pinkwarrior235,,3109,2012-06-24T18:54:11.611367+00:00,2008-11-23T11:07:09.519089+00:00,hg
flopmaster,hackzoin,,3107,2012-06-24T18:54:12.290054+00:00,2008-11-23T13:53:30.076407+00:00,hg
test for many branches,kamaradclimber,,3195,2012-06-24T18:54:12.690086+00:00,2008-11-23T17:31:13.885359+00:00,hg
sphinx-0.5,birkenfeld,,6198162,2011-09-17T07:18:51.151642+00:00,2008-11-23T17:45:35.846251+00:00,hg
469_convert,kaukeb,,50414,2012-06-24T18:54:14.359148+00:00,2008-11-23T22:15:35.525828+00:00,hg
clojure-box,shoover,,135674,2011-11-07T21:35:53.884502+00:00,2008-11-23T23:01:23.363913+00:00,hg
test,Tom,,3678,2012-06-24T18:54:16.509636+00:00,2008-11-24T01:32:47.445234+00:00,hg
objective-git,Scotty,,37748,2012-06-24T18:54:17.042814+00:00,2008-11-24T01:44:45.493431+00:00,hg
PWKDE4,manish_chakravarty,,3931,2012-06-24T18:54:24.414285+00:00,2008-11-24T11:59:17.179569+00:00,hg
Sphinx,Murkt,,6079721,2011-09-17T07:18:51.794357+00:00,2008-11-24T15:02:15.932714+00:00,hg
dictionary_switches,jhjaggars,,9633655,2011-09-16T23:17:03.669561+00:00,2008-11-24T16:52:04.678050+00:00,hg
basti-test,bastiand,,503,2012-06-24T18:54:40.590652+00:00,2008-11-24T17:25:56.722304+00:00,hg
jde-refactor,espenhw,,16471,2012-06-24T18:54:41.084736+00:00,2008-11-24T20:39:05.322766+00:00,hg
gp.fileupload,gawel,,299510,2012-09-03T13:46:09.576343+00:00,2008-11-24T22:21:28.131104+00:00,hg
ctypes_sse,ogrisel,,9858,2012-06-24T18:54:41.587648+00:00,2008-11-24T23:49:56.688699+00:00,hg
hgsubversion hacking,bowyakka,,3075,2012-06-24T18:54:41.945708+00:00,2008-11-25T00:39:33.514876+00:00,hg
raytracer,egi,,73413,2012-06-24T18:54:42.591594+00:00,2008-11-25T06:06:09.583895+00:00,hg
io,egi,,4295354,2012-06-24T18:54:43.651775+00:00,2008-11-25T06:48:33.515085+00:00,hg
WinDriveComboBox,tokibito,,10026,2012-06-24T18:54:44.145842+00:00,2008-11-25T11:43:07.343624+00:00,hg
pida-bugfixing,guyzmo,,3395341,2011-09-17T03:11:38.460388+00:00,2008-11-25T15:47:44.505200+00:00,hg
nsmemcache,naviserver,,25191,2012-06-24T18:54:48.845096+00:00,2008-11-25T21:30:07.045989+00:00,hg
nsssl,naviserver,,99037,2014-07-02T16:04:45.861185+00:00,2008-11-25T21:56:24.770770+00:00,hg
nsphp,naviserver,,55417,2012-06-24T18:54:50.204499+00:00,2008-11-25T22:26:52.343354+00:00,hg
TeleNPC Trinity,Hydro,,27460279,2012-06-24T18:55:09.746347+00:00,2008-11-25T22:51:27.629553+00:00,hg
metaperl-website,metaperl,,10914701,2012-06-24T18:55:14.715704+00:00,2008-11-25T23:56:13.578832+00:00,hg
eav_test,rushman,,5566546,2012-06-24T18:55:25.259581+00:00,2008-11-26T01:22:33.601651+00:00,hg
nsvfs,naviserver,,28746,2012-06-24T18:55:27.158808+00:00,2008-11-26T01:59:23.010096+00:00,hg
nsconfigrw,naviserver,,49338,2012-06-24T18:55:27.737347+00:00,2008-11-26T02:22:12.395425+00:00,hg
nsaccess,naviserver,,14190,2012-06-24T18:55:28.279029+00:00,2008-11-26T02:40:20.836536+00:00,hg
TrinityCore_Untold,KerchumA222,,27783438,2011-09-17T09:24:18.008251+00:00,2008-11-26T03:40:20.469016+00:00,hg
tanks,dhayes,,19938,2012-06-24T18:55:28.725046+00:00,2008-11-26T04:22:33.081088+00:00,hg
TeleNPC Patch,Hydro,,1560,2012-06-24T18:55:29.098144+00:00,2008-11-26T05:46:21.220148+00:00,hg
continue-doc-edit,randywallacejr,,3534881,2011-09-17T03:11:38.336900+00:00,2008-11-26T05:55:54.364099+00:00,hg
OCMock,ddribin,,133345,2011-09-17T03:40:15.280753+00:00,2008-11-26T06:04:47.620678+00:00,hg
qooxdo-basicmath,metaperl,,20014,2012-06-24T18:55:29.709614+00:00,2008-11-26T08:05:47.458842+00:00,hg
learninghaskell,Ilkka,,10018,2012-06-24T18:55:31.076424+00:00,2008-11-26T12:43:40.208706+00:00,hg
xaql-tests,manuatidealist,,30793,2012-06-24T18:55:32.414950+00:00,2008-11-26T16:41:23.428196+00:00,hg
mem,shokai,,22208,2012-06-24T18:55:34.380608+00:00,2008-11-26T19:10:57.734395+00:00,hg
supybot-external-control,aafshar,,20258,2012-06-24T18:55:34.874573+00:00,2008-11-26T21:03:35.183681+00:00,hg
dotfiles,durin42,,1035892,2014-09-10T19:03:15.561573+00:00,2008-11-26T21:19:42.910813+00:00,hg
marche_financier,chipou,,888871,2012-06-24T18:55:36.684123+00:00,2008-11-26T21:36:24.446728+00:00,hg
dsc,amit,,152890,2012-06-24T18:55:37.695857+00:00,2008-11-27T03:26:14.223467+00:00,hg
scheme-indenter,egi,,7073,2012-06-24T18:55:38.208255+00:00,2008-11-27T06:07:04.786367+00:00,hg
weblocks-docs,skypher,,2341068,2011-09-17T04:09:39.059238+00:00,2008-11-27T14:31:12.209898+00:00,hg
OCMock-dld-patches,ddribin,,12489,2012-06-24T18:55:41.131633+00:00,2008-11-27T16:43:18.505064+00:00,hg
pyjamas-book,metaperl,,11819,2012-06-24T18:55:43.430485+00:00,2008-11-27T19:41:33.396498+00:00,hg
namedtuples,jasonscheirer,,5183,2012-08-08T20:20:33.200120+00:00,2008-11-27T19:44:31.231891+00:00,hg
pyfutures,jasonscheirer,,4967,2012-07-24T07:35:49.615938+00:00,2008-11-27T20:49:32.291822+00:00,hg
cython-test,macksn,,6364,2012-06-24T18:55:43.998191+00:00,2008-11-27T21:37:48.970975+00:00,hg
pyximport,macksn,,13872,2012-06-24T18:55:44.516719+00:00,2008-11-27T21:50:14.369921+00:00,hg
php-lessons,zak2k,,22371,2012-06-24T18:55:48.083494+00:00,2008-11-28T07:40:21.135097+00:00,hg
The_Zombie,winsmith,,65124,2011-09-17T03:07:43.945645+00:00,2008-11-28T10:19:21.921872+00:00,hg
gato,macksn,python,2796515,2012-11-07T22:22:35.863781+00:00,2008-11-28T12:44:34.121248+00:00,hg
nona,0x0000,,94303,2012-06-24T18:56:09.370854+00:00,2008-11-28T21:43:56.785358+00:00,hg
OCMock-ddribin,ddribin,,144084,2011-09-17T03:40:15.260038+00:00,2008-11-29T05:37:43.707408+00:00,hg
osm-pforzheim-unstable,sttmjoc0,,1131883,2012-06-24T18:56:11.880928+00:00,2008-11-29T11:13:24.267101+00:00,hg
osm-pforzheim-stable,sttmjoc0,,3172,2012-06-24T18:56:12.423000+00:00,2008-11-29T11:56:44.904595+00:00,hg
gheimdall2,tmatsuo,,232895,2012-06-24T18:56:13.615048+00:00,2008-11-29T14:01:56.567793+00:00,hg
funworldlifecom,funworldlife,,5813181,2012-06-24T18:56:16.659241+00:00,2008-11-29T14:08:00.989941+00:00,hg
SR,tiax,,107830,2011-09-17T03:16:57.869687+00:00,2008-11-29T14:09:19.335956+00:00,hg
site,a2c,,4775,2012-06-24T18:56:17.455353+00:00,2008-11-29T15:49:52.724995+00:00,hg
gluxi-dev,Sidgyck,,3128,2012-06-24T18:56:17.844237+00:00,2008-11-29T17:05:24.595706+00:00,hg
fucaptcha,130,,10258,2012-06-24T18:56:18.236157+00:00,2008-11-29T20:36:57.872663+00:00,hg
niche-bundle-jsx-mindb,spiralhead,,11852,2011-09-17T03:52:42.599376+00:00,2008-11-29T20:55:14.556711+00:00,hg
pylons-cms,zuroc,,1200071,2012-06-24T18:56:21.484528+00:00,2008-11-30T06:09:30.869580+00:00,hg
books,optagee,,3547,2012-06-24T18:56:23.305134+00:00,2008-11-30T09:52:20.707287+00:00,hg
comos,xlq,,991112,2012-06-24T18:56:26.632966+00:00,2008-11-30T21:31:04.877820+00:00,hg
presentation,egi,,2753130,2012-06-24T18:56:27.334404+00:00,2008-12-01T06:19:07.505850+00:00,hg
tokyotyrant-java,EP,,702117,2014-07-25T02:43:33.390024+00:00,2008-12-01T08:51:46.455965+00:00,hg
django-registration_appenginepatch,jeverling,,264887,2012-06-24T18:56:28.823128+00:00,2008-12-01T12:12:51.221300+00:00,hg
braingame,lynxluna,,2809205,2012-06-24T18:56:29.750569+00:00,2008-12-01T12:41:24.000618+00:00,hg
noodles505,noodles505,,3135,2012-06-24T18:56:30.167837+00:00,2008-12-01T13:23:42.069941+00:00,hg
monad,kotarak,,36086,2012-06-24T18:57:04.726135+00:00,2008-12-01T16:52:45.650257+00:00,hg
ScaticServe,rrees,,293721,2012-06-24T18:57:05.384552+00:00,2008-12-01T17:36:13.217977+00:00,hg
vimclojure,kotarak,clojure,1603268,2012-09-20T22:08:10.835392+00:00,2008-12-01T19:03:27.093917+00:00,hg
lazymap,kotarak,,400904,2013-03-10T21:20:13.172663+00:00,2008-12-01T19:10:13.451008+00:00,hg
gorilla,kotarak,,193712,2012-06-24T18:57:06.338181+00:00,2008-12-01T19:13:49.359130+00:00,hg
translitcodec,jek,,61304,2012-02-13T14:42:23.048583+00:00,2008-12-01T19:22:00.331528+00:00,hg
Imebra,binarno,c++,2262210,2013-12-12T23:09:13.244709+00:00,2008-12-01T21:03:18.262595+00:00,hg
cljtags,kotarak,,16268,2012-06-24T18:57:07.654036+00:00,2008-12-01T23:15:56.232857+00:00,hg
oomtk,brcha,,5226491,2012-06-24T18:57:12.831811+00:00,2008-12-02T00:32:34.208695+00:00,hg
test,pacojp,,3103,2012-06-24T18:57:13.784093+00:00,2008-12-02T08:27:00.748143+00:00,hg
test2,pacojp,,3129,2012-06-22T21:55:15.314275+00:00,2008-12-02T08:30:52.359739+00:00,hg
test3,pacojp,,12506546,2011-09-08T21:10:19.266253+00:00,2008-12-02T08:31:46.496724+00:00,hg
joolibs,jangaroo,,1164763,2012-06-24T18:57:28.640173+00:00,2008-12-02T10:14:56.620309+00:00,hg
nsdhcpd,naviserver,,80293,2014-05-02T09:33:56.518616+00:00,2008-12-02T10:18:02.865893+00:00,hg
nsdns,naviserver,,138115,2014-05-03T10:28:45.714575+00:00,2008-12-02T10:23:26.371278+00:00,hg
nsldapd,naviserver,,76184,2014-05-02T09:35:12.776934+00:00,2008-12-02T10:26:39.044220+00:00,hg
nsradiusd,naviserver,,86814,2014-05-02T09:36:42.026107+00:00,2008-12-02T10:29:29.343119+00:00,hg
nssip,naviserver,,41247,2012-06-24T18:57:31.189805+00:00,2008-12-02T10:32:40.182069+00:00,hg
nssmtpd,naviserver,c,127778,2014-05-02T09:30:25.968038+00:00,2008-12-02T10:36:12.473426+00:00,hg
nsrtsp,naviserver,,18869,2012-06-24T18:57:31.606511+00:00,2008-12-02T10:43:36.796801+00:00,hg
nssyslogd,naviserver,,82906,2014-05-02T09:39:27.608905+00:00,2008-12-02T10:48:17.333685+00:00,hg
nstftpd,naviserver,,71202,2014-05-02T09:40:53.939874+00:00,2008-12-02T10:52:27.031065+00:00,hg
nsudp,naviserver,,67335,2014-05-02T09:16:28.701551+00:00,2008-12-02T10:56:02.667592+00:00,hg
cumulus,mohlendo,,3097,2012-06-24T18:57:33.201637+00:00,2008-12-02T12:08:46.658302+00:00,hg
hello_world,gnufied,,3110,2012-06-24T18:57:33.529307+00:00,2008-12-02T14:01:04.119793+00:00,hg
miniskel,zak2k,,4069,2012-06-24T18:57:33.980581+00:00,2008-12-02T14:03:50.064099+00:00,hg
ddcli,ddribin,,119955,2012-06-24T18:57:35.402520+00:00,2008-12-02T15:13:21.757323+00:00,hg
pyquery,olauzanne,,215009,2012-11-29T09:27:20.682336+00:00,2008-12-02T16:09:47.055671+00:00,hg
watch-night,ursm,,24647,2012-06-24T18:57:45.874997+00:00,2008-12-02T19:18:36.338042+00:00,hg
Traveller System Generator,RaistlinMuyo,,17423,2012-06-24T18:57:48.014497+00:00,2008-12-02T21:56:32.729714+00:00,hg
nsclamav,naviserver,,18384,2012-06-24T18:57:48.472406+00:00,2008-12-02T22:48:51.697503+00:00,hg
avvy,woody74,,3112,2012-06-24T18:57:48.877598+00:00,2008-12-02T22:48:52.030637+00:00,hg
nssnmp,naviserver,,263361,2012-06-24T18:57:49.339675+00:00,2008-12-02T22:57:47.436707+00:00,hg
nsicmp,naviserver,,19567,2012-06-24T18:57:49.807911+00:00,2008-12-02T23:59:45.501938+00:00,hg
nsloopctl,naviserver,,30590,2012-06-24T18:57:50.417892+00:00,2008-12-03T00:04:00.019933+00:00,hg
naviserver-nshash,groks,,17907,2012-06-24T18:57:50.786548+00:00,2008-12-03T00:58:23.678610+00:00,hg
mercurial-stable,mirror,,14792475,2011-09-30T01:03:25.391540+00:00,2008-12-03T12:35:16.346135+00:00,hg
Die Stimme Gottes,winsmith,,461341,2012-06-24T18:57:53.590472+00:00,2008-12-03T16:53:29.043971+00:00,hg
kronos,Scotty,,125231,2012-06-24T18:57:55.128440+00:00,2008-12-03T19:43:51.511960+00:00,hg
hgvault,shoover,,30511,2012-06-24T18:57:55.681024+00:00,2008-12-03T22:00:05.341428+00:00,hg
jquery.trial,djfroofy,,31951,2012-06-24T18:57:57.693843+00:00,2008-12-04T01:31:18.272445+00:00,hg
simple_step,willdickson,,199064,2012-06-24T18:57:58.487201+00:00,2008-12-04T01:50:35.743193+00:00,hg
simple_daq,willdickson,,30177,2012-06-24T18:57:59.833068+00:00,2008-12-04T02:50:02.358739+00:00,hg
pylons ja,knzm,,10878022,2013-03-04T01:32:56.629598+00:00,2008-12-04T10:31:30.771112+00:00,hg
Simplest Notifier Evar,boredzo,,29574,2012-06-24T18:58:00.824463+00:00,2008-12-04T16:09:34.669733+00:00,hg
find_unused,macksn,,8329,2012-06-24T18:58:04.696036+00:00,2008-12-04T21:10:43.028963+00:00,hg
test,mookstar,,4509,2012-06-24T18:58:05.179993+00:00,2008-12-04T22:01:19.937380+00:00,hg
fooble,mookstar,,3759,2012-06-24T18:58:05.586981+00:00,2008-12-04T22:36:11.830607+00:00,hg
Canvas-NME,grumpytoad,,109991,2012-06-24T18:58:06.289566+00:00,2008-12-04T23:18:42.173928+00:00,hg
myhaxe,yoshihiro503,haxe,32407,2012-03-19T01:57:01.184300+00:00,2008-12-05T00:50:49.767168+00:00,hg
fortran,ahoka,,10673,2012-06-24T18:58:06.865561+00:00,2008-12-05T02:48:15.129287+00:00,hg
Skeleton Structure,ruxton,,263871,2012-06-24T18:58:07.698616+00:00,2008-12-05T04:06:04.957340+00:00,hg
pylons ja,araki,,6597710,2013-03-04T01:32:56.544277+00:00,2008-12-05T07:05:28.256345+00:00,hg
box1,nicchan,,3110,2012-06-24T18:58:08.931505+00:00,2008-12-05T07:34:38.634641+00:00,hg
Data Structures,JonathanHope,,34104,2012-06-24T18:58:10.074028+00:00,2008-12-05T09:08:57.733730+00:00,hg
outofmemory_simulate,sp,,16609,2012-06-24T18:58:11.471551+00:00,2008-12-05T12:21:30.377095+00:00,hg
ebspod,kim_jaewoo,,571157,2012-06-24T18:58:23.960992+00:00,2008-12-05T13:58:46.155303+00:00,hg
PyI7,zondo,,509522,2012-06-24T18:58:29.314207+00:00,2008-12-05T17:38:25.835211+00:00,hg
hgcr,romanz,,16588,2012-06-24T18:58:29.969426+00:00,2008-12-05T17:45:00.654047+00:00,hg
borf_control,willdickson,,948639,2012-06-24T18:58:46.789027+00:00,2008-12-05T21:30:12.476410+00:00,hg
tc3625,willdickson,,536327,2012-06-24T18:58:48.154669+00:00,2008-12-05T23:03:38.754479+00:00,hg
bilds,Askagorn,,3091,2012-06-24T18:58:48.517412+00:00,2008-12-06T00:19:01.205829+00:00,hg
pyBAI,willdickson,,64324,2012-06-24T18:58:49.019311+00:00,2008-12-06T00:45:37.213054+00:00,hg
greendusk,greendusk,,3102,2012-06-24T18:58:49.358949+00:00,2008-12-06T06:03:59.597112+00:00,hg
houses,mookstar,,3118,2012-06-24T18:58:49.723519+00:00,2008-12-06T08:39:51.700706+00:00,hg
Simulateur,CLETeam,,3054,2012-06-24T18:58:50.043643+00:00,2008-12-06T12:14:54.123284+00:00,hg
hgcmprepos,pmezard,,2872,2012-06-24T18:58:50.417269+00:00,2008-12-06T17:51:02.658868+00:00,hg
gp.recipe.pip,gawel,,46255,2012-09-25T15:28:51.499253+00:00,2008-12-06T19:27:44.651120+00:00,hg
Bgyme,Bgyme2,,3111,2012-06-24T18:58:52.005700+00:00,2008-12-07T14:24:53.256294+00:00,hg
django-helptext,smulloni,,26780,2011-10-21T19:31:17.173115+00:00,2008-12-07T16:15:31.481320+00:00,hg
lyx,chr,,3070,2012-06-24T18:58:53.336266+00:00,2008-12-07T18:39:03.972725+00:00,hg
consoleLog,larsyencken,python,41105,2012-09-11T07:28:39.496100+00:00,2008-12-08T00:43:55.400807+00:00,hg
awesome-config,canen,,38750,2012-06-24T18:58:56.711986+00:00,2008-12-08T01:01:55.686170+00:00,hg
jargonator,Ilkka,,14664,2012-06-24T18:58:59.657842+00:00,2008-12-08T06:42:20.949093+00:00,hg
ConsoleLib.NET,shokai,,257278,2012-06-24T18:59:00.646243+00:00,2008-12-08T10:49:53.676066+00:00,hg
mercurialeclipse,steeven,,2662712,2011-09-17T02:36:59.081428+00:00,2008-12-08T13:02:04.804303+00:00,hg
Scriptaculous Slider,Bounga,ruby,31723,2012-06-24T18:59:01.394409+00:00,2008-12-08T15:17:24.187849+00:00,hg
ruby-recaptcha,mml,,112805,2011-11-12T16:03:10.882852+00:00,2008-12-08T17:13:06.392339+00:00,hg
vcluster,jxin,,244057,2012-06-24T18:59:08.835412+00:00,2008-12-08T17:17:19.432795+00:00,hg
vim ini syntax,boredzo,,8060,2012-06-24T18:59:09.354067+00:00,2008-12-08T18:54:02.866601+00:00,hg
Ahven,tkoskine,ada,1046304,2014-06-03T19:21:50.355267+00:00,2008-12-08T20:16:34.630530+00:00,hg
moose-cookbook,metaperl,,14290,2012-06-24T18:59:10.587626+00:00,2008-12-08T22:10:56.065229+00:00,hg
pegboard-www,jek,,13455,2012-06-24T18:59:11.153144+00:00,2008-12-08T23:37:47.315160+00:00,hg
Synapse OS,martinbrandenburg,,1403421,2011-09-17T04:06:30.627677+00:00,2008-12-09T01:10:01.930223+00:00,hg
Jen,makaroncheto,,3093,2012-06-24T18:59:15.433376+00:00,2008-12-09T07:15:15.323786+00:00,hg
testing,pranith,,3972,2012-06-24T18:59:16.042745+00:00,2008-12-09T11:31:42.947781+00:00,hg
notes,xlembouras,,34504,2012-06-24T18:59:16.625858+00:00,2008-12-09T13:16:32.126468+00:00,hg
tic-tac-toe-clj,arnold,,52406,2012-06-24T18:59:24.097020+00:00,2008-12-09T16:18:44.509647+00:00,hg
django-better-chunks,hakanw,,12873,2011-09-17T03:48:09.394982+00:00,2008-12-09T16:50:37.844282+00:00,hg
django-email-usernames,hakanw,,12084,2011-09-17T03:44:52.555954+00:00,2008-12-09T19:51:13.756857+00:00,hg
hyena_eclipse,rauschma,,1228910,2012-06-24T19:00:11.105091+00:00,2008-12-09T21:28:35.790607+00:00,hg
MercurialTesting,orangewolf,,3149,2012-06-24T19:00:12.309276+00:00,2008-12-09T21:30:21.598777+00:00,hg
django-shapes,springmeyer,,113714,2013-09-23T21:10:25.118037+00:00,2008-12-09T22:51:09.486652+00:00,hg
fixed_pt,nbecker,,5275,2012-06-24T19:00:18.275181+00:00,2008-12-10T01:51:30.399097+00:00,hg
Marconi,nkreeger,,268670,2012-06-24T19:00:19.735012+00:00,2008-12-10T03:03:01.458835+00:00,hg
spielwiese,basweber,,3108,2012-06-24T19:00:20.881465+00:00,2008-12-10T15:13:49.428230+00:00,hg
universal,adamkg,,13692,2012-06-24T19:00:21.643316+00:00,2008-12-10T16:09:16.253627+00:00,hg
wire-etc,eyunak,,146739,2012-06-24T19:00:22.950633+00:00,2008-12-10T16:09:32.791137+00:00,hg
dotfiles,adamkg,,1468043,2012-09-18T11:26:53.211916+00:00,2008-12-10T16:17:55.101572+00:00,hg
pinax-pm,adamkg,,79534,2012-06-24T19:00:25.248656+00:00,2008-12-11T01:07:51.035264+00:00,hg
thallium,splee,,173461,2012-06-24T19:00:28.180090+00:00,2008-12-11T03:50:23.997258+00:00,hg
darkreign,zepolen,,8379,2012-06-24T19:00:33.357545+00:00,2008-12-11T17:45:22.207334+00:00,hg
nbpysamples,amitksaha,,23606,2012-06-24T19:00:35.504870+00:00,2008-12-11T19:28:22.309778+00:00,hg
hg-vs-git-vs-bzr-battle_swarm,ArneBab,,12073,2012-07-01T14:34:42.127945+00:00,2008-12-11T21:44:06.874827+00:00,hg
maven.poms.base,danblick,,9850,2012-06-24T19:00:43.646534+00:00,2008-12-12T00:14:45.517795+00:00,hg
example-scala.greeter,danblick,,10192,2012-06-24T19:00:44.352701+00:00,2008-12-12T01:07:15.393104+00:00,hg
example-scala.greeter.aspects,danblick,,11293,2012-06-24T19:00:44.968733+00:00,2008-12-12T01:09:09.621083+00:00,hg
scratch,ketang,,5152,2012-06-24T19:00:45.581613+00:00,2008-12-12T01:19:43.641835+00:00,hg
scala-aspectj-example,danblick,,3147,2012-06-24T19:00:45.962810+00:00,2008-12-12T01:25:14.749306+00:00,hg
Atreus_Trinity,Atreus,,3116,2012-06-24T19:01:47.734492+00:00,2008-12-12T03:19:00.642560+00:00,hg
master,Dmitry,,3088,2012-06-24T19:01:48.221753+00:00,2008-12-12T10:42:34.935812+00:00,hg
dec25,dtamez,,5816982,2012-06-24T19:01:51.852531+00:00,2008-12-12T17:28:50.510458+00:00,hg
hr,macacq,,228057,2012-06-24T19:01:59.127950+00:00,2008-12-12T20:57:13.010472+00:00,hg
pyla,vpetro,python,60461,2012-06-24T19:02:00.147727+00:00,2008-12-13T02:23:38.431322+00:00,hg
monologista,MiCHiLU,,32856,2012-06-24T19:02:00.726285+00:00,2008-12-13T02:25:59.768244+00:00,hg
readit,tmatsuo,,78790,2012-06-24T19:02:01.788413+00:00,2008-12-13T03:53:54.870283+00:00,hg
dotfiles,fujii,,15061,2012-06-24T19:02:02.270994+00:00,2008-12-13T04:12:04.612906+00:00,hg
python_bnp,gjenca,,24307,2012-07-24T16:31:37.293385+00:00,2008-12-13T12:11:31.989500+00:00,hg
renshuu,mmmumin1982,,8960,2012-06-24T19:02:03.146439+00:00,2008-12-13T12:25:54.600699+00:00,hg
niche-crawler,spiralhead,,22389,2012-06-24T19:02:04.072304+00:00,2008-12-13T17:06:30.765423+00:00,hg
niche-hawk,spiralhead,,1041483,2012-06-24T19:02:06.186384+00:00,2008-12-13T17:11:43.922568+00:00,hg
Docs Proofreading,grault,,10046884,2013-03-04T01:32:56.422356+00:00,2008-12-13T18:30:16.377894+00:00,hg
xronos-contrib-cpl,stefanrusek,,942426,2012-06-24T19:02:10.920417+00:00,2008-12-13T20:47:01.187620+00:00,hg
Lesson Learned,nurid,,5320,2012-06-24T19:02:12.767297+00:00,2008-12-13T23:25:58.349642+00:00,hg
pida-hacks,RonnyPfannschmidt,,5890998,2011-12-30T23:03:44.757926+00:00,2008-12-14T02:42:55.114570+00:00,hg
GaeMushUp,a2c,,1950569,2012-06-24T19:02:17.949224+00:00,2008-12-14T03:54:05.858259+00:00,hg
emacs.d,undees,,3742091,2013-08-30T00:50:15.037196+00:00,2008-12-14T06:13:29.396741+00:00,hg
arduino_osc,bjoern,,96338,2011-09-12T03:27:14.002354+00:00,2008-12-14T06:57:01.096994+00:00,hg
wiring_osc,bjoern,,12628,2012-06-24T19:02:29.881458+00:00,2008-12-14T08:10:53.081972+00:00,hg
tuentifox,mozillahispano,,4916433,2013-08-12T10:09:11.240710+00:00,2008-12-14T13:07:37.089252+00:00,hg
CodeHighlighter,Ahnfelt,,319449,2012-06-24T19:02:36.395474+00:00,2008-12-14T13:47:48.882818+00:00,hg
rabbitmq-server,essiene,,1444796,2011-10-04T14:53:15.585790+00:00,2008-12-14T16:42:57.705585+00:00,hg
openmemes,miracle2k,,14122,2012-06-24T19:02:39.327108+00:00,2008-12-14T18:02:42.316546+00:00,hg
catalyst_view_seamstress,metaperl,,15709,2012-06-24T19:02:43.508855+00:00,2008-12-14T21:55:27.471837+00:00,hg
Shelter,djfroofy,,5770,2012-06-24T19:02:44.138396+00:00,2008-12-15T00:41:42.164752+00:00,hg
jelix-jpu,doubleface,,2209869,2012-06-24T19:03:00.035324+00:00,2008-12-15T07:56:18.877616+00:00,hg
studentapp,max,,13658,2012-06-24T19:03:02.891863+00:00,2008-12-15T12:32:17.645646+00:00,hg
hg-vs-bzr-speedtest-unscientific,ArneBab,,32139,2012-06-24T19:03:03.837740+00:00,2008-12-15T15:29:53.822319+00:00,hg
HelenOS.hg,jermar,,16789018,2012-06-24T19:03:42.765544+00:00,2008-12-15T15:46:53.381039+00:00,hg
emacs,metaperl,,250385,2012-06-24T19:03:47.100828+00:00,2008-12-15T20:33:40.467024+00:00,hg
asciidoc-el,metaperl,,39038,2012-06-24T19:03:47.736018+00:00,2008-12-15T20:38:58.899829+00:00,hg
yawff,willdickson,,265532,2012-06-24T19:03:53.049812+00:00,2008-12-16T00:37:02.766373+00:00,hg
move-motor,willdickson,,57283,2012-06-24T19:03:53.692583+00:00,2008-12-16T01:12:20.431268+00:00,hg
neman,ksojat,,142641,2012-06-24T19:03:56.084304+00:00,2008-12-16T01:58:16.803676+00:00,hg
openautoclassifieds-1.4-STABLE,leow,,1514816,2012-06-24T19:03:58.180358+00:00,2008-12-16T02:39:00.949687+00:00,hg
openautoclassifieds-test,leow,,3148,2012-06-24T19:03:58.707496+00:00,2008-12-16T02:41:41.103144+00:00,hg
dingus,garybernhardt,,83250,2011-09-17T07:23:39.101125+00:00,2008-12-16T03:22:47.347165+00:00,hg
gpalign-cpp,larsyencken,c++,212959,2012-04-30T23:34:35.634745+00:00,2008-12-16T03:34:17.137212+00:00,hg
game,flamedragon3,,88725,2012-06-24T19:04:01.275247+00:00,2008-12-16T07:29:27.705573+00:00,hg
powerdot-lmunix,luisg_muniz,,3068,2012-06-24T19:04:01.841512+00:00,2008-12-16T07:41:10.051095+00:00,hg
Bcryptor,ares,,255438,2012-11-24T09:27:17.594407+00:00,2008-12-16T11:47:49.783577+00:00,hg
foobar-scripts,amitksaha,,58547,2012-06-24T19:04:02.483209+00:00,2008-12-16T12:14:53.116213+00:00,hg
lxrt-comedi,willdickson,,10247,2012-06-24T19:04:03.536879+00:00,2008-12-16T22:05:37.103280+00:00,hg
JNarrate,testingreflections,,96226228,2012-08-08T20:30:31.764495+00:00,2008-12-16T23:03:40.286556+00:00,hg
tmp,metaperl,,1250069,2012-06-24T19:04:04.337479+00:00,2008-12-16T23:05:21.407661+00:00,hg
primitive language,yoshihiro503,ocaml,28717,2012-03-19T01:57:37.045418+00:00,2008-12-17T14:47:35.817655+00:00,hg
hgsubversion.mq,gbooker,,2927,2012-06-24T19:04:17.772263+00:00,2008-12-17T17:24:51.735827+00:00,hg
Sample,mischachen,,3097,2012-06-24T19:04:18.220418+00:00,2008-12-17T17:26:51.230747+00:00,hg
semanticeditor,spookylukey,,748326,2014-04-29T08:50:05.869775+00:00,2008-12-17T18:25:09.825079+00:00,hg
Scripts,shearn89,,23834,2011-09-17T08:36:00.745378+00:00,2008-12-17T22:36:49.524299+00:00,hg
bfrog-rcfiles,bfrog,,85600,2012-06-24T19:04:24.116049+00:00,2008-12-17T22:49:45.548959+00:00,hg
filepick,mikeivanov,,11322,2012-06-24T19:04:29.332241+00:00,2008-12-18T00:40:53.399921+00:00,hg
my-trivia,tmatsuo,,223444,2012-06-24T19:04:49.124313+00:00,2008-12-18T04:12:06.178745+00:00,hg
